-- MySQL dump 10.13  Distrib 8.0.13, for Win64 (x86_64)
--
-- Host: localhost    Database: django_learnings_db
-- ------------------------------------------------------
-- Server version	8.0.13

/*!40101 SET @OLD_CHARACTER_SET_CLIENT=@@CHARACTER_SET_CLIENT */;
/*!40101 SET @OLD_CHARACTER_SET_RESULTS=@@CHARACTER_SET_RESULTS */;
/*!40101 SET @OLD_COLLATION_CONNECTION=@@COLLATION_CONNECTION */;
 SET NAMES utf8mb4 ;
/*!40103 SET @OLD_TIME_ZONE=@@TIME_ZONE */;
/*!40103 SET TIME_ZONE='+00:00' */;
/*!40014 SET @OLD_UNIQUE_CHECKS=@@UNIQUE_CHECKS, UNIQUE_CHECKS=0 */;
/*!40014 SET @OLD_FOREIGN_KEY_CHECKS=@@FOREIGN_KEY_CHECKS, FOREIGN_KEY_CHECKS=0 */;
/*!40101 SET @OLD_SQL_MODE=@@SQL_MODE, SQL_MODE='NO_AUTO_VALUE_ON_ZERO' */;
/*!40111 SET @OLD_SQL_NOTES=@@SQL_NOTES, SQL_NOTES=0 */;

--
-- Table structure for table `auth_group`
--

DROP TABLE IF EXISTS `auth_group`;
/*!40101 SET @saved_cs_client     = @@character_set_client */;
 SET character_set_client = utf8mb4 ;
CREATE TABLE `auth_group` (
  `id` int(11) NOT NULL AUTO_INCREMENT,
  `name` varchar(80) COLLATE utf8mb4_unicode_ci NOT NULL,
  PRIMARY KEY (`id`),
  UNIQUE KEY `name` (`name`)
) ENGINE=InnoDB AUTO_INCREMENT=3 DEFAULT CHARSET=utf8mb4 COLLATE=utf8mb4_unicode_ci;
/*!40101 SET character_set_client = @saved_cs_client */;

--
-- Dumping data for table `auth_group`
--

LOCK TABLES `auth_group` WRITE;
/*!40000 ALTER TABLE `auth_group` DISABLE KEYS */;
INSERT INTO `auth_group` VALUES (1,'dj'),(2,'wl');
/*!40000 ALTER TABLE `auth_group` ENABLE KEYS */;
UNLOCK TABLES;

--
-- Table structure for table `auth_group_permissions`
--

DROP TABLE IF EXISTS `auth_group_permissions`;
/*!40101 SET @saved_cs_client     = @@character_set_client */;
 SET character_set_client = utf8mb4 ;
CREATE TABLE `auth_group_permissions` (
  `id` int(11) NOT NULL AUTO_INCREMENT,
  `group_id` int(11) NOT NULL,
  `permission_id` int(11) NOT NULL,
  PRIMARY KEY (`id`),
  UNIQUE KEY `auth_group_permissions_group_id_permission_id_0cd325b0_uniq` (`group_id`,`permission_id`),
  KEY `auth_group_permissio_permission_id_84c5c92e_fk_auth_perm` (`permission_id`),
  CONSTRAINT `auth_group_permissio_permission_id_84c5c92e_fk_auth_perm` FOREIGN KEY (`permission_id`) REFERENCES `auth_permission` (`id`),
  CONSTRAINT `auth_group_permissions_group_id_b120cbf9_fk_auth_group_id` FOREIGN KEY (`group_id`) REFERENCES `auth_group` (`id`)
) ENGINE=InnoDB DEFAULT CHARSET=utf8mb4 COLLATE=utf8mb4_unicode_ci;
/*!40101 SET character_set_client = @saved_cs_client */;

--
-- Dumping data for table `auth_group_permissions`
--

LOCK TABLES `auth_group_permissions` WRITE;
/*!40000 ALTER TABLE `auth_group_permissions` DISABLE KEYS */;
/*!40000 ALTER TABLE `auth_group_permissions` ENABLE KEYS */;
UNLOCK TABLES;

--
-- Table structure for table `auth_permission`
--

DROP TABLE IF EXISTS `auth_permission`;
/*!40101 SET @saved_cs_client     = @@character_set_client */;
 SET character_set_client = utf8mb4 ;
CREATE TABLE `auth_permission` (
  `id` int(11) NOT NULL AUTO_INCREMENT,
  `name` varchar(255) COLLATE utf8mb4_unicode_ci NOT NULL,
  `content_type_id` int(11) NOT NULL,
  `codename` varchar(100) COLLATE utf8mb4_unicode_ci NOT NULL,
  PRIMARY KEY (`id`),
  UNIQUE KEY `auth_permission_content_type_id_codename_01ab375a_uniq` (`content_type_id`,`codename`),
  CONSTRAINT `auth_permission_content_type_id_2f476e4b_fk_django_co` FOREIGN KEY (`content_type_id`) REFERENCES `django_content_type` (`id`)
) ENGINE=InnoDB AUTO_INCREMENT=61 DEFAULT CHARSET=utf8mb4 COLLATE=utf8mb4_unicode_ci;
/*!40101 SET character_set_client = @saved_cs_client */;

--
-- Dumping data for table `auth_permission`
--

LOCK TABLES `auth_permission` WRITE;
/*!40000 ALTER TABLE `auth_permission` DISABLE KEYS */;
INSERT INTO `auth_permission` VALUES (1,'Can add log entry',1,'add_logentry'),(2,'Can change log entry',1,'change_logentry'),(3,'Can delete log entry',1,'delete_logentry'),(4,'Can view log entry',1,'view_logentry'),(5,'Can add permission',2,'add_permission'),(6,'Can change permission',2,'change_permission'),(7,'Can delete permission',2,'delete_permission'),(8,'Can view permission',2,'view_permission'),(9,'Can add group',3,'add_group'),(10,'Can change group',3,'change_group'),(11,'Can delete group',3,'delete_group'),(12,'Can view group',3,'view_group'),(13,'Can add user',4,'add_user'),(14,'Can change user',4,'change_user'),(15,'Can delete user',4,'delete_user'),(16,'Can view user',4,'view_user'),(17,'Can add content type',5,'add_contenttype'),(18,'Can change content type',5,'change_contenttype'),(19,'Can delete content type',5,'delete_contenttype'),(20,'Can view content type',5,'view_contenttype'),(21,'Can add session',6,'add_session'),(22,'Can change session',6,'change_session'),(23,'Can delete session',6,'delete_session'),(24,'Can view session',6,'view_session'),(25,'Can add article',7,'add_article'),(26,'Can change article',7,'change_article'),(27,'Can delete article',7,'delete_article'),(28,'Can view article',7,'view_article'),(29,'Can add blog_type',8,'add_blog_type'),(30,'Can change blog_type',8,'change_blog_type'),(31,'Can delete blog_type',8,'delete_blog_type'),(32,'Can view blog_type',8,'view_blog_type'),(33,'Can add blog',9,'add_blog'),(34,'Can change blog',9,'change_blog'),(35,'Can delete blog',9,'delete_blog'),(36,'Can view blog',9,'view_blog'),(37,'Can add notes',10,'add_notes'),(38,'Can change notes',10,'change_notes'),(39,'Can delete notes',10,'delete_notes'),(40,'Can view notes',10,'view_notes'),(41,'Can add unit_types',11,'add_unit_types'),(42,'Can change unit_types',11,'change_unit_types'),(43,'Can delete unit_types',11,'delete_unit_types'),(44,'Can view unit_types',11,'view_unit_types'),(45,'Can add unit_models',12,'add_unit_models'),(46,'Can change unit_models',12,'change_unit_models'),(47,'Can delete unit_models',12,'delete_unit_models'),(48,'Can view unit_models',12,'view_unit_models'),(49,'Can add 售后单位',13,'add_customer'),(50,'Can change 售后单位',13,'change_customer'),(51,'Can delete 售后单位',13,'delete_customer'),(52,'Can view 售后单位',13,'view_customer'),(53,'Can add 报账时间',14,'add_report_time'),(54,'Can change 报账时间',14,'change_report_time'),(55,'Can delete 报账时间',14,'delete_report_time'),(56,'Can view 报账时间',14,'view_report_time'),(57,'Can add 故障描述',15,'add_fault'),(58,'Can change 故障描述',15,'change_fault'),(59,'Can delete 故障描述',15,'delete_fault'),(60,'Can view 故障描述',15,'view_fault');
/*!40000 ALTER TABLE `auth_permission` ENABLE KEYS */;
UNLOCK TABLES;

--
-- Table structure for table `auth_user`
--

DROP TABLE IF EXISTS `auth_user`;
/*!40101 SET @saved_cs_client     = @@character_set_client */;
 SET character_set_client = utf8mb4 ;
CREATE TABLE `auth_user` (
  `id` int(11) NOT NULL AUTO_INCREMENT,
  `password` varchar(128) COLLATE utf8mb4_unicode_ci NOT NULL,
  `last_login` datetime(6) DEFAULT NULL,
  `is_superuser` tinyint(1) NOT NULL,
  `username` varchar(150) COLLATE utf8mb4_unicode_ci NOT NULL,
  `first_name` varchar(30) COLLATE utf8mb4_unicode_ci NOT NULL,
  `last_name` varchar(150) COLLATE utf8mb4_unicode_ci NOT NULL,
  `email` varchar(254) COLLATE utf8mb4_unicode_ci NOT NULL,
  `is_staff` tinyint(1) NOT NULL,
  `is_active` tinyint(1) NOT NULL,
  `date_joined` datetime(6) NOT NULL,
  PRIMARY KEY (`id`),
  UNIQUE KEY `username` (`username`)
) ENGINE=InnoDB AUTO_INCREMENT=8 DEFAULT CHARSET=utf8mb4 COLLATE=utf8mb4_unicode_ci;
/*!40101 SET character_set_client = @saved_cs_client */;

--
-- Dumping data for table `auth_user`
--

LOCK TABLES `auth_user` WRITE;
/*!40000 ALTER TABLE `auth_user` DISABLE KEYS */;
INSERT INTO `auth_user` VALUES (1,'pbkdf2_sha256$120000$8wwGap787leE$eRLaluMe5HxdTVQHaq1hsoOffp+ZFYQNbVFnPuTKy6E=','2018-11-11 04:39:02.865000',1,'wx','','','',1,1,'2018-10-11 01:07:19.578000'),(6,'pbkdf2_sha256$120000$09zmtAHJ2ahV$yvw9lx+liT9TBjRf/MqiVXUcAVWDtiuii5zn29t3oao=','2018-11-10 05:27:14.496000',0,'test_dj_wy','','','',1,1,'2018-11-06 06:30:00.000000'),(7,'pbkdf2_sha256$120000$pEcoOC921edc$/L3nMb2qpEGAD4lnpR8rYGIKhCmVowuE0rQswUFjMfE=','2018-11-13 14:02:29.935557',0,'test_wl_wx','','','',1,1,'2018-11-06 07:12:00.000000');
/*!40000 ALTER TABLE `auth_user` ENABLE KEYS */;
UNLOCK TABLES;

--
-- Table structure for table `auth_user_groups`
--

DROP TABLE IF EXISTS `auth_user_groups`;
/*!40101 SET @saved_cs_client     = @@character_set_client */;
 SET character_set_client = utf8mb4 ;
CREATE TABLE `auth_user_groups` (
  `id` int(11) NOT NULL AUTO_INCREMENT,
  `user_id` int(11) NOT NULL,
  `group_id` int(11) NOT NULL,
  PRIMARY KEY (`id`),
  UNIQUE KEY `auth_user_groups_user_id_group_id_94350c0c_uniq` (`user_id`,`group_id`),
  KEY `auth_user_groups_group_id_97559544_fk_auth_group_id` (`group_id`),
  CONSTRAINT `auth_user_groups_group_id_97559544_fk_auth_group_id` FOREIGN KEY (`group_id`) REFERENCES `auth_group` (`id`),
  CONSTRAINT `auth_user_groups_user_id_6a12ed8b_fk_auth_user_id` FOREIGN KEY (`user_id`) REFERENCES `auth_user` (`id`)
) ENGINE=InnoDB AUTO_INCREMENT=4 DEFAULT CHARSET=utf8mb4 COLLATE=utf8mb4_unicode_ci;
/*!40101 SET character_set_client = @saved_cs_client */;

--
-- Dumping data for table `auth_user_groups`
--

LOCK TABLES `auth_user_groups` WRITE;
/*!40000 ALTER TABLE `auth_user_groups` DISABLE KEYS */;
INSERT INTO `auth_user_groups` VALUES (1,6,1),(2,7,1),(3,7,2);
/*!40000 ALTER TABLE `auth_user_groups` ENABLE KEYS */;
UNLOCK TABLES;

--
-- Table structure for table `auth_user_user_permissions`
--

DROP TABLE IF EXISTS `auth_user_user_permissions`;
/*!40101 SET @saved_cs_client     = @@character_set_client */;
 SET character_set_client = utf8mb4 ;
CREATE TABLE `auth_user_user_permissions` (
  `id` int(11) NOT NULL AUTO_INCREMENT,
  `user_id` int(11) NOT NULL,
  `permission_id` int(11) NOT NULL,
  PRIMARY KEY (`id`),
  UNIQUE KEY `auth_user_user_permissions_user_id_permission_id_14a6b632_uniq` (`user_id`,`permission_id`),
  KEY `auth_user_user_permi_permission_id_1fbb5f2c_fk_auth_perm` (`permission_id`),
  CONSTRAINT `auth_user_user_permi_permission_id_1fbb5f2c_fk_auth_perm` FOREIGN KEY (`permission_id`) REFERENCES `auth_permission` (`id`),
  CONSTRAINT `auth_user_user_permissions_user_id_a95ead1b_fk_auth_user_id` FOREIGN KEY (`user_id`) REFERENCES `auth_user` (`id`)
) ENGINE=InnoDB DEFAULT CHARSET=utf8mb4 COLLATE=utf8mb4_unicode_ci;
/*!40101 SET character_set_client = @saved_cs_client */;

--
-- Dumping data for table `auth_user_user_permissions`
--

LOCK TABLES `auth_user_user_permissions` WRITE;
/*!40000 ALTER TABLE `auth_user_user_permissions` DISABLE KEYS */;
/*!40000 ALTER TABLE `auth_user_user_permissions` ENABLE KEYS */;
UNLOCK TABLES;

--
-- Table structure for table `django_admin_log`
--

DROP TABLE IF EXISTS `django_admin_log`;
/*!40101 SET @saved_cs_client     = @@character_set_client */;
 SET character_set_client = utf8mb4 ;
CREATE TABLE `django_admin_log` (
  `id` int(11) NOT NULL AUTO_INCREMENT,
  `action_time` datetime(6) NOT NULL,
  `object_id` longtext COLLATE utf8mb4_unicode_ci,
  `object_repr` varchar(200) COLLATE utf8mb4_unicode_ci NOT NULL,
  `action_flag` smallint(5) unsigned NOT NULL,
  `change_message` longtext COLLATE utf8mb4_unicode_ci NOT NULL,
  `content_type_id` int(11) DEFAULT NULL,
  `user_id` int(11) NOT NULL,
  PRIMARY KEY (`id`),
  KEY `django_admin_log_content_type_id_c4bce8eb_fk_django_co` (`content_type_id`),
  KEY `django_admin_log_user_id_c564eba6_fk_auth_user_id` (`user_id`),
  CONSTRAINT `django_admin_log_content_type_id_c4bce8eb_fk_django_co` FOREIGN KEY (`content_type_id`) REFERENCES `django_content_type` (`id`),
  CONSTRAINT `django_admin_log_user_id_c564eba6_fk_auth_user_id` FOREIGN KEY (`user_id`) REFERENCES `auth_user` (`id`)
) ENGINE=InnoDB AUTO_INCREMENT=367 DEFAULT CHARSET=utf8mb4 COLLATE=utf8mb4_unicode_ci;
/*!40101 SET character_set_client = @saved_cs_client */;

--
-- Dumping data for table `django_admin_log`
--

LOCK TABLES `django_admin_log` WRITE;
/*!40000 ALTER TABLE `django_admin_log` DISABLE KEYS */;
INSERT INTO `django_admin_log` VALUES (1,'2018-10-16 06:55:55.132000','1','Article object (1)',1,'[{\"added\": {}}]',7,1),(2,'2018-10-17 07:37:03.679000','1','one',2,'[{\"changed\": {\"fields\": [\"content\", \"created_time\"]}}]',7,1),(3,'2018-10-17 08:08:57.639000','1','one',2,'[{\"changed\": {\"fields\": [\"is_deleted\"]}}]',7,1),(4,'2018-10-18 01:57:04.242000','1','one',2,'[{\"changed\": {\"fields\": [\"is_deleted\"]}}]',7,1),(5,'2018-10-18 02:11:32.758000','2','two',1,'[{\"added\": {}}]',7,1),(6,'2018-10-18 02:19:34.552000','1','one',2,'[{\"changed\": {\"fields\": [\"is_deleted\"]}}]',7,1),(7,'2018-10-18 08:22:10.715000','1','django',1,'[{\"added\": {}}]',8,1),(8,'2018-10-18 08:22:24.582000','2','单片机',1,'[{\"added\": {}}]',8,1),(9,'2018-10-18 08:23:04.567000','1','django框架',1,'[{\"added\": {}}]',9,1),(10,'2018-10-24 02:58:24.473000','1','学生交换机',1,'[{\"added\": {}}]',10,1),(11,'2018-10-24 06:54:30.044000','2','学生交换机（test）',1,'[{\"added\": {}}]',10,1),(12,'2018-10-24 06:55:21.837000','2','学生交换机（test）',3,'',10,1),(13,'2018-10-24 07:06:57.898000','1','学生交换机',2,'[{\"changed\": {\"fields\": [\"\\u62a5\\u8d26\"]}}]',10,1),(14,'2018-10-24 09:04:42.732000','1','学生交换机',2,'[{\"changed\": {\"fields\": [\"\\u62a5\\u8d26\"]}}]',10,1),(15,'2018-10-24 09:06:05.859000','3','sdfsd',1,'[{\"added\": {}}]',10,1),(16,'2018-10-24 09:06:41.739000','3','sdfsd',2,'[{\"changed\": {\"fields\": [\"\\u578b\\u53f7\", \"\\u62a5\\u8d26\"]}}]',10,1),(17,'2018-10-24 11:34:59.847000','3','sdfsd',3,'',10,1),(18,'2018-10-25 01:19:23.453000','1','学生交换机LBS05B',1,'[{\"added\": {}}]',11,1),(19,'2018-10-25 01:55:52.739000','1','学生交换机LBS05B',2,'[]',11,1),(20,'2018-10-25 01:58:11.467000','1','Notes object (1)',2,'[]',10,1),(21,'2018-10-25 06:55:29.930000','1','LBS05B',1,'[{\"added\": {}}]',12,1),(22,'2018-10-25 06:55:43.165000','1','学生交换机',2,'[{\"changed\": {\"fields\": [\"\\u8bbe\\u5907\\u7c7b\\u578b\"]}}]',11,1),(23,'2018-10-25 06:56:39.149000','1','学生交换机',2,'[]',10,1),(24,'2018-10-25 07:26:06.538000','2','学生交换机',1,'[{\"added\": {}}]',10,1),(25,'2018-10-25 07:27:18.590000','3','学生交换机',1,'[{\"added\": {}}]',10,1),(26,'2018-10-25 07:28:40.515000','4','学生交换机',1,'[{\"added\": {}}]',10,1),(27,'2018-10-25 07:29:16.665000','2','学生终端',1,'[{\"added\": {}}]',11,1),(28,'2018-10-25 07:29:43.591000','2','LBD05C',1,'[{\"added\": {}}]',12,1),(29,'2018-10-25 07:30:40.783000','5','学生终端',1,'[{\"added\": {}}]',10,1),(30,'2018-10-25 07:31:47.676000','6','学生交换机',1,'[{\"added\": {}}]',10,1),(31,'2018-10-25 07:33:00.397000','7','学生交换机',1,'[{\"added\": {}}]',10,1),(32,'2018-10-25 07:34:06.122000','8','学生交换机',1,'[{\"added\": {}}]',10,1),(33,'2018-10-25 07:34:48.092000','3','语音卡',1,'[{\"added\": {}}]',11,1),(34,'2018-10-25 07:35:21.449000','3','LBD203F',1,'[{\"added\": {}}]',12,1),(35,'2018-10-25 07:35:55.261000','9','语音卡',1,'[{\"added\": {}}]',10,1),(36,'2018-10-25 07:36:53.278000','10','学生终端',1,'[{\"added\": {}}]',10,1),(37,'2018-10-25 07:37:44.225000','11','学生交换机',1,'[{\"added\": {}}]',10,1),(38,'2018-10-25 07:38:16.336000','4','VGA分配器',1,'[{\"added\": {}}]',11,1),(39,'2018-10-25 07:38:37.489000','4','VGA-8A',1,'[{\"added\": {}}]',12,1),(40,'2018-10-25 07:39:07.135000','12','VGA分配器',1,'[{\"added\": {}}]',10,1),(41,'2018-10-25 07:39:17.548000','8','学生交换机',2,'[{\"changed\": {\"fields\": [\"\\u62a5\\u8d26\"]}}]',10,1),(42,'2018-10-31 01:22:29.216000','1','2017-2018下学年',1,'[{\"added\": {}}]',14,1),(43,'2018-10-31 01:24:16.776000','1','蓝鸽',1,'[{\"added\": {}}]',13,1),(44,'2018-10-31 01:34:54.925000','1','学生交换机',2,'[{\"changed\": {\"fields\": [\"\\u65b9\\u5f0f\", \"\\u62a5\\u8d26\\u65f6\\u95f4\"]}}]',10,1),(45,'2018-10-31 01:37:20.840000','12','VGA分配器',2,'[{\"changed\": {\"fields\": [\"\\u65b9\\u5f0f\"]}}]',10,1),(46,'2018-10-31 01:53:17.066000','10','学生终端',2,'[{\"changed\": {\"fields\": [\"\\u65b9\\u5f0f\"]}}]',10,1),(47,'2018-10-31 01:53:38.550000','9','语音卡',2,'[{\"changed\": {\"fields\": [\"\\u65b9\\u5f0f\"]}}]',10,1),(48,'2018-10-31 01:54:00.269000','8','学生交换机',2,'[{\"changed\": {\"fields\": [\"\\u65b9\\u5f0f\"]}}]',10,1),(49,'2018-10-31 01:54:14.132000','7','学生交换机',2,'[{\"changed\": {\"fields\": [\"\\u65b9\\u5f0f\"]}}]',10,1),(50,'2018-10-31 01:55:16.441000','11','学生交换机',2,'[{\"changed\": {\"fields\": [\"\\u65b9\\u5f0f\"]}}]',10,1),(51,'2018-10-31 01:55:35.952000','6','学生交换机',2,'[{\"changed\": {\"fields\": [\"\\u65b9\\u5f0f\"]}}]',10,1),(52,'2018-10-31 01:55:45.881000','5','学生终端',2,'[{\"changed\": {\"fields\": [\"\\u65b9\\u5f0f\"]}}]',10,1),(53,'2018-10-31 01:56:11.327000','4','学生交换机',2,'[{\"changed\": {\"fields\": [\"\\u65b9\\u5f0f\"]}}]',10,1),(54,'2018-10-31 01:56:18.914000','3','学生交换机',2,'[{\"changed\": {\"fields\": [\"\\u65b9\\u5f0f\"]}}]',10,1),(55,'2018-10-31 01:56:26.770000','2','学生交换机',2,'[{\"changed\": {\"fields\": [\"\\u65b9\\u5f0f\"]}}]',10,1),(56,'2018-10-31 02:24:06.411000','5','投影机',1,'[{\"added\": {}}]',11,1),(57,'2018-10-31 02:24:28.337000','5','三菱GX-545',1,'[{\"added\": {}}]',12,1),(58,'2018-10-31 02:26:09.970000','2','志向',1,'[{\"added\": {}}]',13,1),(59,'2018-10-31 02:27:56.148000','2','2018-10-17',1,'[{\"added\": {}}]',14,1),(60,'2018-10-31 02:28:03.244000','13','投影机',1,'[{\"added\": {}}]',10,1),(61,'2018-10-31 02:29:05.383000','14','投影机',1,'[{\"added\": {}}]',10,1),(62,'2018-10-31 02:30:21.834000','15','投影机',1,'[{\"added\": {}}]',10,1),(63,'2018-10-31 02:31:08.084000','6','三菱GX-565',1,'[{\"added\": {}}]',12,1),(64,'2018-10-31 02:31:47.535000','16','投影机',1,'[{\"added\": {}}]',10,1),(65,'2018-10-31 02:32:28.050000','7','夏普XG-E2610XA',1,'[{\"added\": {}}]',12,1),(66,'2018-10-31 02:32:54.439000','17','投影机',1,'[{\"added\": {}}]',10,1),(67,'2018-10-31 02:33:31.449000','8','三菱GX-565',1,'[{\"added\": {}}]',12,1),(68,'2018-10-31 02:34:09.872000','8','三菱GX-565',3,'',12,1),(69,'2018-10-31 02:34:37.871000','18','投影机',1,'[{\"added\": {}}]',10,1),(70,'2018-11-01 08:28:37.319000','2','2018-10-17',2,'[{\"changed\": {\"fields\": [\"title\"]}}]',14,1),(71,'2018-11-01 08:29:01.335000','1','2018-10-18',2,'[{\"changed\": {\"fields\": [\"title\"]}}]',14,1),(72,'2018-11-03 14:03:19.346000','20054','这是大量测试第20000篇',3,'',9,1),(73,'2018-11-03 14:03:19.361000','20053','这是大量测试第19999篇',3,'',9,1),(74,'2018-11-03 14:03:19.368000','20052','这是大量测试第19998篇',3,'',9,1),(75,'2018-11-03 14:03:19.376000','20051','这是大量测试第19997篇',3,'',9,1),(76,'2018-11-03 14:03:19.385000','20050','这是大量测试第19996篇',3,'',9,1),(77,'2018-11-03 14:03:19.392000','20049','这是大量测试第19995篇',3,'',9,1),(78,'2018-11-03 14:03:19.402000','20048','这是大量测试第19994篇',3,'',9,1),(79,'2018-11-03 14:03:19.409000','20047','这是大量测试第19993篇',3,'',9,1),(80,'2018-11-03 14:03:19.417000','20046','这是大量测试第19992篇',3,'',9,1),(81,'2018-11-03 14:03:19.431000','20045','这是大量测试第19991篇',3,'',9,1),(82,'2018-11-03 14:03:19.447000','20044','这是大量测试第19990篇',3,'',9,1),(83,'2018-11-03 14:03:19.460000','20043','这是大量测试第19989篇',3,'',9,1),(84,'2018-11-03 14:03:19.469000','20042','这是大量测试第19988篇',3,'',9,1),(85,'2018-11-03 14:03:19.477000','20041','这是大量测试第19987篇',3,'',9,1),(86,'2018-11-03 14:03:19.484000','20040','这是大量测试第19986篇',3,'',9,1),(87,'2018-11-03 14:03:19.492000','20039','这是大量测试第19985篇',3,'',9,1),(88,'2018-11-03 14:03:19.501000','20038','这是大量测试第19984篇',3,'',9,1),(89,'2018-11-03 14:03:19.508000','20037','这是大量测试第19983篇',3,'',9,1),(90,'2018-11-03 14:03:19.515000','20036','这是大量测试第19982篇',3,'',9,1),(91,'2018-11-03 14:03:19.521000','20035','这是大量测试第19981篇',3,'',9,1),(92,'2018-11-03 14:03:19.530000','20034','这是大量测试第19980篇',3,'',9,1),(93,'2018-11-03 14:03:19.539000','20033','这是大量测试第19979篇',3,'',9,1),(94,'2018-11-03 14:03:19.548000','20032','这是大量测试第19978篇',3,'',9,1),(95,'2018-11-03 14:03:19.559000','20031','这是大量测试第19977篇',3,'',9,1),(96,'2018-11-03 14:03:19.576000','20030','这是大量测试第19976篇',3,'',9,1),(97,'2018-11-03 14:03:19.591000','20029','这是大量测试第19975篇',3,'',9,1),(98,'2018-11-03 14:03:19.604000','20028','这是大量测试第19974篇',3,'',9,1),(99,'2018-11-03 14:03:19.612000','20027','这是大量测试第19973篇',3,'',9,1),(100,'2018-11-03 14:03:19.624000','20026','这是大量测试第19972篇',3,'',9,1),(101,'2018-11-03 14:03:19.635000','20025','这是大量测试第19971篇',3,'',9,1),(102,'2018-11-03 14:03:19.643000','20024','这是大量测试第19970篇',3,'',9,1),(103,'2018-11-03 14:03:19.652000','20023','这是大量测试第19969篇',3,'',9,1),(104,'2018-11-03 14:03:19.663000','20022','这是大量测试第19968篇',3,'',9,1),(105,'2018-11-03 14:03:19.673000','20021','这是大量测试第19967篇',3,'',9,1),(106,'2018-11-03 14:03:19.682000','20020','这是大量测试第19966篇',3,'',9,1),(107,'2018-11-03 14:03:19.692000','20019','这是大量测试第19965篇',3,'',9,1),(108,'2018-11-03 14:03:19.701000','20018','这是大量测试第19964篇',3,'',9,1),(109,'2018-11-03 14:03:19.707000','20017','这是大量测试第19963篇',3,'',9,1),(110,'2018-11-03 14:03:19.715000','20016','这是大量测试第19962篇',3,'',9,1),(111,'2018-11-03 14:03:19.722000','20015','这是大量测试第19961篇',3,'',9,1),(112,'2018-11-03 14:03:19.729000','20014','这是大量测试第19960篇',3,'',9,1),(113,'2018-11-03 14:03:19.737000','20013','这是大量测试第19959篇',3,'',9,1),(114,'2018-11-03 14:03:19.746000','20012','这是大量测试第19958篇',3,'',9,1),(115,'2018-11-03 14:03:19.754000','20011','这是大量测试第19957篇',3,'',9,1),(116,'2018-11-03 14:03:19.762000','20010','这是大量测试第19956篇',3,'',9,1),(117,'2018-11-03 14:03:19.770000','20009','这是大量测试第19955篇',3,'',9,1),(118,'2018-11-03 14:03:19.781000','20008','这是大量测试第19954篇',3,'',9,1),(119,'2018-11-03 14:03:19.788000','20007','这是大量测试第19953篇',3,'',9,1),(120,'2018-11-03 14:03:19.795000','20006','这是大量测试第19952篇',3,'',9,1),(121,'2018-11-03 14:03:19.804000','20005','这是大量测试第19951篇',3,'',9,1),(122,'2018-11-03 14:03:19.811000','20004','这是大量测试第19950篇',3,'',9,1),(123,'2018-11-03 14:03:19.819000','20003','这是大量测试第19949篇',3,'',9,1),(124,'2018-11-03 14:03:19.825000','20002','这是大量测试第19948篇',3,'',9,1),(125,'2018-11-03 14:03:19.832000','20001','这是大量测试第19947篇',3,'',9,1),(126,'2018-11-03 14:03:19.840000','20000','这是大量测试第19946篇',3,'',9,1),(127,'2018-11-03 14:03:19.848000','19999','这是大量测试第19945篇',3,'',9,1),(128,'2018-11-03 14:03:19.859000','19998','这是大量测试第19944篇',3,'',9,1),(129,'2018-11-03 14:03:19.871000','19997','这是大量测试第19943篇',3,'',9,1),(130,'2018-11-03 14:03:19.880000','19996','这是大量测试第19942篇',3,'',9,1),(131,'2018-11-03 14:03:19.889000','19995','这是大量测试第19941篇',3,'',9,1),(132,'2018-11-03 14:03:19.901000','19994','这是大量测试第19940篇',3,'',9,1),(133,'2018-11-03 14:03:19.912000','19993','这是大量测试第19939篇',3,'',9,1),(134,'2018-11-03 14:03:19.921000','19992','这是大量测试第19938篇',3,'',9,1),(135,'2018-11-03 14:03:19.930000','19991','这是大量测试第19937篇',3,'',9,1),(136,'2018-11-03 14:03:19.940000','19990','这是大量测试第19936篇',3,'',9,1),(137,'2018-11-03 14:03:19.949000','19989','这是大量测试第19935篇',3,'',9,1),(138,'2018-11-03 14:03:19.957000','19988','这是大量测试第19934篇',3,'',9,1),(139,'2018-11-03 14:03:19.965000','19987','这是大量测试第19933篇',3,'',9,1),(140,'2018-11-03 14:03:19.975000','19986','这是大量测试第19932篇',3,'',9,1),(141,'2018-11-03 14:03:19.984000','19985','这是大量测试第19931篇',3,'',9,1),(142,'2018-11-03 14:03:19.994000','19984','这是大量测试第19930篇',3,'',9,1),(143,'2018-11-03 14:03:20.003000','19983','这是大量测试第19929篇',3,'',9,1),(144,'2018-11-03 14:03:20.012000','19982','这是大量测试第19928篇',3,'',9,1),(145,'2018-11-03 14:03:20.020000','19981','这是大量测试第19927篇',3,'',9,1),(146,'2018-11-03 14:03:20.028000','19980','这是大量测试第19926篇',3,'',9,1),(147,'2018-11-03 14:03:20.036000','19979','这是大量测试第19925篇',3,'',9,1),(148,'2018-11-03 14:03:20.044000','19978','这是大量测试第19924篇',3,'',9,1),(149,'2018-11-03 14:03:20.051000','19977','这是大量测试第19923篇',3,'',9,1),(150,'2018-11-03 14:03:20.058000','19976','这是大量测试第19922篇',3,'',9,1),(151,'2018-11-03 14:03:20.067000','19975','这是大量测试第19921篇',3,'',9,1),(152,'2018-11-03 14:03:20.074000','19974','这是大量测试第19920篇',3,'',9,1),(153,'2018-11-03 14:03:20.085000','19973','这是大量测试第19919篇',3,'',9,1),(154,'2018-11-03 14:03:20.092000','19972','这是大量测试第19918篇',3,'',9,1),(155,'2018-11-03 14:03:20.099000','19971','这是大量测试第19917篇',3,'',9,1),(156,'2018-11-03 14:03:20.107000','19970','这是大量测试第19916篇',3,'',9,1),(157,'2018-11-03 14:03:20.114000','19969','这是大量测试第19915篇',3,'',9,1),(158,'2018-11-03 14:03:20.123000','19968','这是大量测试第19914篇',3,'',9,1),(159,'2018-11-03 14:03:20.131000','19967','这是大量测试第19913篇',3,'',9,1),(160,'2018-11-03 14:03:20.139000','19966','这是大量测试第19912篇',3,'',9,1),(161,'2018-11-03 14:03:20.148000','19965','这是大量测试第19911篇',3,'',9,1),(162,'2018-11-03 14:03:20.158000','19964','这是大量测试第19910篇',3,'',9,1),(163,'2018-11-03 14:03:20.168000','19963','这是大量测试第19909篇',3,'',9,1),(164,'2018-11-03 14:03:20.178000','19962','这是大量测试第19908篇',3,'',9,1),(165,'2018-11-03 14:03:20.189000','19961','这是大量测试第19907篇',3,'',9,1),(166,'2018-11-03 14:03:20.199000','19960','这是大量测试第19906篇',3,'',9,1),(167,'2018-11-03 14:03:20.209000','19959','这是大量测试第19905篇',3,'',9,1),(168,'2018-11-03 14:03:20.220000','19958','这是大量测试第19904篇',3,'',9,1),(169,'2018-11-03 14:03:20.229000','19957','这是大量测试第19903篇',3,'',9,1),(170,'2018-11-03 14:03:20.238000','19956','这是大量测试第19902篇',3,'',9,1),(171,'2018-11-03 14:03:20.249000','19955','这是大量测试第19901篇',3,'',9,1),(172,'2018-11-03 14:03:52.347000','19954','这是大量测试第19900篇',3,'',9,1),(173,'2018-11-03 14:03:52.355000','19953','这是大量测试第19899篇',3,'',9,1),(174,'2018-11-03 14:03:52.363000','19952','这是大量测试第19898篇',3,'',9,1),(175,'2018-11-03 14:03:52.371000','19951','这是大量测试第19897篇',3,'',9,1),(176,'2018-11-03 14:03:52.378000','19950','这是大量测试第19896篇',3,'',9,1),(177,'2018-11-03 14:03:52.385000','19949','这是大量测试第19895篇',3,'',9,1),(178,'2018-11-03 14:03:52.393000','19948','这是大量测试第19894篇',3,'',9,1),(179,'2018-11-03 14:03:52.401000','19947','这是大量测试第19893篇',3,'',9,1),(180,'2018-11-03 14:03:52.408000','19946','这是大量测试第19892篇',3,'',9,1),(181,'2018-11-03 14:03:52.414000','19945','这是大量测试第19891篇',3,'',9,1),(182,'2018-11-03 14:03:52.421000','19944','这是大量测试第19890篇',3,'',9,1),(183,'2018-11-03 14:03:52.428000','19943','这是大量测试第19889篇',3,'',9,1),(184,'2018-11-03 14:03:52.435000','19942','这是大量测试第19888篇',3,'',9,1),(185,'2018-11-03 14:03:52.442000','19941','这是大量测试第19887篇',3,'',9,1),(186,'2018-11-03 14:03:52.450000','19940','这是大量测试第19886篇',3,'',9,1),(187,'2018-11-03 14:03:52.458000','19939','这是大量测试第19885篇',3,'',9,1),(188,'2018-11-03 14:03:52.465000','19938','这是大量测试第19884篇',3,'',9,1),(189,'2018-11-03 14:03:52.472000','19937','这是大量测试第19883篇',3,'',9,1),(190,'2018-11-03 14:03:52.480000','19936','这是大量测试第19882篇',3,'',9,1),(191,'2018-11-03 14:03:52.489000','19935','这是大量测试第19881篇',3,'',9,1),(192,'2018-11-03 14:03:52.497000','19934','这是大量测试第19880篇',3,'',9,1),(193,'2018-11-03 14:03:52.507000','19933','这是大量测试第19879篇',3,'',9,1),(194,'2018-11-03 14:03:52.517000','19932','这是大量测试第19878篇',3,'',9,1),(195,'2018-11-03 14:03:52.523000','19931','这是大量测试第19877篇',3,'',9,1),(196,'2018-11-03 14:03:52.531000','19930','这是大量测试第19876篇',3,'',9,1),(197,'2018-11-03 14:03:52.538000','19929','这是大量测试第19875篇',3,'',9,1),(198,'2018-11-03 14:03:52.546000','19928','这是大量测试第19874篇',3,'',9,1),(199,'2018-11-03 14:03:52.556000','19927','这是大量测试第19873篇',3,'',9,1),(200,'2018-11-03 14:03:52.565000','19926','这是大量测试第19872篇',3,'',9,1),(201,'2018-11-03 14:03:52.575000','19925','这是大量测试第19871篇',3,'',9,1),(202,'2018-11-03 14:03:52.585000','19924','这是大量测试第19870篇',3,'',9,1),(203,'2018-11-03 14:03:52.595000','19923','这是大量测试第19869篇',3,'',9,1),(204,'2018-11-03 14:03:52.605000','19922','这是大量测试第19868篇',3,'',9,1),(205,'2018-11-03 14:03:52.614000','19921','这是大量测试第19867篇',3,'',9,1),(206,'2018-11-03 14:03:52.623000','19920','这是大量测试第19866篇',3,'',9,1),(207,'2018-11-03 14:03:52.632000','19919','这是大量测试第19865篇',3,'',9,1),(208,'2018-11-03 14:03:52.640000','19918','这是大量测试第19864篇',3,'',9,1),(209,'2018-11-03 14:03:52.649000','19917','这是大量测试第19863篇',3,'',9,1),(210,'2018-11-03 14:03:52.657000','19916','这是大量测试第19862篇',3,'',9,1),(211,'2018-11-03 14:03:52.664000','19915','这是大量测试第19861篇',3,'',9,1),(212,'2018-11-03 14:03:52.672000','19914','这是大量测试第19860篇',3,'',9,1),(213,'2018-11-03 14:03:52.682000','19913','这是大量测试第19859篇',3,'',9,1),(214,'2018-11-03 14:03:52.691000','19912','这是大量测试第19858篇',3,'',9,1),(215,'2018-11-03 14:03:52.701000','19911','这是大量测试第19857篇',3,'',9,1),(216,'2018-11-03 14:03:52.712000','19910','这是大量测试第19856篇',3,'',9,1),(217,'2018-11-03 14:03:52.724000','19909','这是大量测试第19855篇',3,'',9,1),(218,'2018-11-03 14:03:52.733000','19908','这是大量测试第19854篇',3,'',9,1),(219,'2018-11-03 14:03:52.741000','19907','这是大量测试第19853篇',3,'',9,1),(220,'2018-11-03 14:03:52.749000','19906','这是大量测试第19852篇',3,'',9,1),(221,'2018-11-03 14:03:52.756000','19905','这是大量测试第19851篇',3,'',9,1),(222,'2018-11-03 14:03:52.765000','19904','这是大量测试第19850篇',3,'',9,1),(223,'2018-11-03 14:03:52.774000','19903','这是大量测试第19849篇',3,'',9,1),(224,'2018-11-03 14:03:52.782000','19902','这是大量测试第19848篇',3,'',9,1),(225,'2018-11-03 14:03:52.792000','19901','这是大量测试第19847篇',3,'',9,1),(226,'2018-11-03 14:03:52.800000','19900','这是大量测试第19846篇',3,'',9,1),(227,'2018-11-03 14:03:52.809000','19899','这是大量测试第19845篇',3,'',9,1),(228,'2018-11-03 14:03:52.819000','19898','这是大量测试第19844篇',3,'',9,1),(229,'2018-11-03 14:03:52.828000','19897','这是大量测试第19843篇',3,'',9,1),(230,'2018-11-03 14:03:52.838000','19896','这是大量测试第19842篇',3,'',9,1),(231,'2018-11-03 14:03:52.847000','19895','这是大量测试第19841篇',3,'',9,1),(232,'2018-11-03 14:03:52.855000','19894','这是大量测试第19840篇',3,'',9,1),(233,'2018-11-03 14:03:52.863000','19893','这是大量测试第19839篇',3,'',9,1),(234,'2018-11-03 14:03:52.871000','19892','这是大量测试第19838篇',3,'',9,1),(235,'2018-11-03 14:03:52.882000','19891','这是大量测试第19837篇',3,'',9,1),(236,'2018-11-03 14:03:52.890000','19890','这是大量测试第19836篇',3,'',9,1),(237,'2018-11-03 14:03:52.900000','19889','这是大量测试第19835篇',3,'',9,1),(238,'2018-11-03 14:03:52.910000','19888','这是大量测试第19834篇',3,'',9,1),(239,'2018-11-03 14:03:52.919000','19887','这是大量测试第19833篇',3,'',9,1),(240,'2018-11-03 14:03:52.927000','19886','这是大量测试第19832篇',3,'',9,1),(241,'2018-11-03 14:03:52.935000','19885','这是大量测试第19831篇',3,'',9,1),(242,'2018-11-03 14:03:52.944000','19884','这是大量测试第19830篇',3,'',9,1),(243,'2018-11-03 14:03:52.952000','19883','这是大量测试第19829篇',3,'',9,1),(244,'2018-11-03 14:03:52.962000','19882','这是大量测试第19828篇',3,'',9,1),(245,'2018-11-03 14:03:52.973000','19881','这是大量测试第19827篇',3,'',9,1),(246,'2018-11-03 14:03:52.982000','19880','这是大量测试第19826篇',3,'',9,1),(247,'2018-11-03 14:03:52.993000','19879','这是大量测试第19825篇',3,'',9,1),(248,'2018-11-03 14:03:53.003000','19878','这是大量测试第19824篇',3,'',9,1),(249,'2018-11-03 14:03:53.013000','19877','这是大量测试第19823篇',3,'',9,1),(250,'2018-11-03 14:03:53.023000','19876','这是大量测试第19822篇',3,'',9,1),(251,'2018-11-03 14:03:53.033000','19875','这是大量测试第19821篇',3,'',9,1),(252,'2018-11-03 14:03:53.042000','19874','这是大量测试第19820篇',3,'',9,1),(253,'2018-11-03 14:03:53.053000','19873','这是大量测试第19819篇',3,'',9,1),(254,'2018-11-03 14:03:53.063000','19872','这是大量测试第19818篇',3,'',9,1),(255,'2018-11-03 14:03:53.072000','19871','这是大量测试第19817篇',3,'',9,1),(256,'2018-11-03 14:03:53.082000','19870','这是大量测试第19816篇',3,'',9,1),(257,'2018-11-03 14:03:53.090000','19869','这是大量测试第19815篇',3,'',9,1),(258,'2018-11-03 14:03:53.099000','19868','这是大量测试第19814篇',3,'',9,1),(259,'2018-11-03 14:03:53.110000','19867','这是大量测试第19813篇',3,'',9,1),(260,'2018-11-03 14:03:53.121000','19866','这是大量测试第19812篇',3,'',9,1),(261,'2018-11-03 14:03:53.131000','19865','这是大量测试第19811篇',3,'',9,1),(262,'2018-11-03 14:03:53.139000','19864','这是大量测试第19810篇',3,'',9,1),(263,'2018-11-03 14:03:53.146000','19863','这是大量测试第19809篇',3,'',9,1),(264,'2018-11-03 14:03:53.155000','19862','这是大量测试第19808篇',3,'',9,1),(265,'2018-11-03 14:03:53.165000','19861','这是大量测试第19807篇',3,'',9,1),(266,'2018-11-03 14:03:53.172000','19860','这是大量测试第19806篇',3,'',9,1),(267,'2018-11-03 14:03:53.181000','19859','这是大量测试第19805篇',3,'',9,1),(268,'2018-11-03 14:03:53.191000','19858','这是大量测试第19804篇',3,'',9,1),(269,'2018-11-03 14:03:53.200000','19857','这是大量测试第19803篇',3,'',9,1),(270,'2018-11-03 14:03:53.210000','19856','这是大量测试第19802篇',3,'',9,1),(271,'2018-11-03 14:03:53.219000','19855','这是大量测试第19801篇',3,'',9,1),(272,'2018-11-04 14:20:57.575000','19','投影机',1,'[{\"added\": {}}]',10,1),(273,'2018-11-05 08:39:34.853000','1','无法开机',1,'[{\"added\": {}}]',15,1),(274,'2018-11-05 08:43:45.670000','19','投影机',2,'[]',10,1),(275,'2018-11-05 08:45:27.867000','2','通电无反应，电源板故障',1,'[{\"added\": {}}]',15,1),(276,'2018-11-05 08:45:31.999000','1','学生交换机',2,'[{\"changed\": {\"fields\": [\"\\u6545\\u969c\\u63cf\\u8ff0\"]}}]',10,1),(277,'2018-11-05 08:46:45.162000','3','通电无反应',1,'[{\"added\": {}}]',15,1),(278,'2018-11-05 08:46:49.187000','12','VGA分配器',2,'[{\"changed\": {\"fields\": [\"\\u6545\\u969c\\u63cf\\u8ff0\"]}}]',10,1),(279,'2018-11-05 08:47:59.383000','4','投影机闪烁',1,'[{\"added\": {}}]',15,1),(280,'2018-11-05 08:48:08.625000','18','投影机',2,'[{\"changed\": {\"fields\": [\"\\u6545\\u969c\\u63cf\\u8ff0\"]}}]',10,1),(281,'2018-11-05 08:48:17.604000','17','投影机',2,'[]',10,1),(282,'2018-11-05 08:51:47.287000','16','投影机',2,'[]',10,1),(283,'2018-11-05 08:53:48.645000','5','花屏：三菱GX-545',1,'[{\"added\": {}}]',15,1),(284,'2018-11-05 08:53:54.074000','15','投影机',2,'[{\"changed\": {\"fields\": [\"\\u6545\\u969c\\u63cf\\u8ff0\"]}}]',10,1),(285,'2018-11-05 08:54:30.206000','14','投影机',2,'[{\"changed\": {\"fields\": [\"\\u6545\\u969c\\u63cf\\u8ff0\"]}}]',10,1),(286,'2018-11-05 08:54:45.987000','13','投影机',2,'[{\"changed\": {\"fields\": [\"\\u6545\\u969c\\u63cf\\u8ff0\"]}}]',10,1),(287,'2018-11-05 08:55:02.719000','11','学生交换机',2,'[{\"changed\": {\"fields\": [\"\\u6545\\u969c\\u63cf\\u8ff0\"]}}]',10,1),(288,'2018-11-05 08:55:35.989000','6','显示乱码：LBD05C',1,'[{\"added\": {}}]',15,1),(289,'2018-11-05 08:55:39.816000','10','学生终端',2,'[{\"changed\": {\"fields\": [\"\\u6545\\u969c\\u63cf\\u8ff0\"]}}]',10,1),(290,'2018-11-05 08:56:08.227000','7','接触不良：LBD203F',1,'[{\"added\": {}}]',15,1),(291,'2018-11-05 08:56:11.858000','9','语音卡',2,'[{\"changed\": {\"fields\": [\"\\u6545\\u969c\\u63cf\\u8ff0\"]}}]',10,1),(292,'2018-11-05 08:56:33.610000','8','学生交换机',2,'[{\"changed\": {\"fields\": [\"\\u6545\\u969c\\u63cf\\u8ff0\"]}}]',10,1),(293,'2018-11-05 08:56:41.620000','7','学生交换机',2,'[{\"changed\": {\"fields\": [\"\\u6545\\u969c\\u63cf\\u8ff0\"]}}]',10,1),(294,'2018-11-05 08:56:50.814000','6','学生交换机',2,'[{\"changed\": {\"fields\": [\"\\u6545\\u969c\\u63cf\\u8ff0\"]}}]',10,1),(295,'2018-11-05 08:56:57.646000','5','学生终端',2,'[{\"changed\": {\"fields\": [\"\\u6545\\u969c\\u63cf\\u8ff0\"]}}]',10,1),(296,'2018-11-05 08:57:04.023000','4','学生交换机',2,'[{\"changed\": {\"fields\": [\"\\u6545\\u969c\\u63cf\\u8ff0\"]}}]',10,1),(297,'2018-11-05 08:57:09.684000','3','学生交换机',2,'[{\"changed\": {\"fields\": [\"\\u6545\\u969c\\u63cf\\u8ff0\"]}}]',10,1),(298,'2018-11-05 08:57:15.954000','2','学生交换机',2,'[{\"changed\": {\"fields\": [\"\\u6545\\u969c\\u63cf\\u8ff0\"]}}]',10,1),(299,'2018-11-05 08:57:28.324000','5','学生终端',2,'[{\"changed\": {\"fields\": [\"\\u6545\\u969c\\u63cf\\u8ff0\"]}}]',10,1),(300,'2018-11-05 10:23:54.645000','1','2018-10-18',2,'[{\"changed\": {\"fields\": [\"title\"]}}]',14,1),(301,'2018-11-05 10:24:01.136000','1','2018-10-18',2,'[{\"changed\": {\"fields\": [\"title\"]}}]',14,1),(302,'2018-11-05 14:24:22.431000','2','test1',1,'[{\"added\": {}}]',4,1),(303,'2018-11-05 14:26:05.086000','2','test1',3,'',4,1),(304,'2018-11-05 14:26:38.120000','3','test',1,'[{\"added\": {}}]',4,1),(305,'2018-11-05 14:28:43.703000','3','test',2,'[{\"changed\": {\"fields\": [\"date_joined\"]}}]',4,1),(306,'2018-11-05 14:30:48.159000','3','test',2,'[{\"changed\": {\"fields\": [\"password\"]}}]',4,1),(307,'2018-11-05 14:30:54.061000','3','test',2,'[]',4,1),(308,'2018-11-05 14:37:06.038000','4','qwe',1,'[{\"added\": {}}]',4,1),(309,'2018-11-05 14:37:37.463000','4','qwe',2,'[]',4,1),(310,'2018-11-05 14:38:28.867000','4','qwe',2,'[{\"changed\": {\"fields\": [\"is_superuser\"]}}]',4,1),(311,'2018-11-05 14:39:29.722000','3','test',2,'[{\"changed\": {\"fields\": [\"is_staff\"]}}]',4,1),(312,'2018-11-05 14:39:37.367000','4','qwe',2,'[{\"changed\": {\"fields\": [\"is_superuser\"]}}]',4,1),(313,'2018-11-05 14:40:24.924000','3','test',2,'[{\"changed\": {\"fields\": [\"is_superuser\", \"last_login\"]}}]',4,1),(315,'2018-11-05 16:33:12.680000','4','VGA分配器',2,'[{\"changed\": {\"fields\": [\"customer\"]}}]',11,1),(316,'2018-11-05 16:33:18.029000','3','语音卡',2,'[{\"changed\": {\"fields\": [\"customer\"]}}]',11,1),(317,'2018-11-05 16:33:22.028000','2','学生终端',2,'[{\"changed\": {\"fields\": [\"customer\"]}}]',11,1),(318,'2018-11-05 16:33:26.240000','1','学生交换机',2,'[{\"changed\": {\"fields\": [\"customer\"]}}]',11,1),(319,'2018-11-06 01:49:12.249000','21','学生终端',3,'',10,1),(320,'2018-11-06 02:07:50.536000','4','qwe',3,'',4,1),(321,'2018-11-06 02:07:50.621000','3','test',3,'',4,1),(322,'2018-11-06 02:08:21.408000','5','lg',1,'[{\"added\": {}}]',4,1),(323,'2018-11-06 02:12:56.724000','5','lg',2,'[{\"changed\": {\"fields\": [\"is_staff\", \"user_permissions\"]}}]',4,1),(325,'2018-11-06 06:26:58.189000','3','tt',3,'',13,1),(326,'2018-11-06 06:28:13.534000','5','lg',3,'',4,1),(327,'2018-11-06 06:29:23.521000','1','dj',1,'[{\"added\": {}}]',3,1),(328,'2018-11-06 06:30:05.511000','6','test_dj_wy',1,'[{\"added\": {}}]',4,1),(329,'2018-11-06 07:11:42.609000','2','wl',1,'[{\"added\": {}}]',3,1),(330,'2018-11-06 07:12:14.576000','7','test_wl_wx',1,'[{\"added\": {}}]',4,1),(331,'2018-11-06 07:12:26.652000','7','test_wl_wx',2,'[{\"changed\": {\"fields\": [\"groups\"]}}]',4,1),(332,'2018-11-06 07:26:23.786000','1','学生交换机',2,'[{\"changed\": {\"fields\": [\"owner\"]}}]',10,1),(333,'2018-11-06 07:35:03.585000','11','学生交换机',2,'[{\"changed\": {\"fields\": [\"owner\"]}}]',10,1),(334,'2018-11-06 07:35:26.387000','10','学生终端',2,'[{\"changed\": {\"fields\": [\"owner\"]}}]',10,1),(335,'2018-11-06 07:37:50.357000','9','语音卡',2,'[{\"changed\": {\"fields\": [\"owner\"]}}]',10,1),(336,'2018-11-06 07:37:50.557000','8','学生交换机',2,'[{\"changed\": {\"fields\": [\"owner\"]}}]',10,1),(337,'2018-11-06 07:37:50.889000','7','学生交换机',2,'[{\"changed\": {\"fields\": [\"owner\"]}}]',10,1),(338,'2018-11-06 07:37:51.064000','6','学生交换机',2,'[{\"changed\": {\"fields\": [\"owner\"]}}]',10,1),(339,'2018-11-06 07:37:51.254000','5','学生终端',2,'[{\"changed\": {\"fields\": [\"owner\"]}}]',10,1),(340,'2018-11-06 07:37:51.469000','4','学生交换机',2,'[{\"changed\": {\"fields\": [\"owner\"]}}]',10,1),(341,'2018-11-06 07:37:51.660000','3','学生交换机',2,'[{\"changed\": {\"fields\": [\"owner\"]}}]',10,1),(342,'2018-11-06 07:37:51.876000','2','学生交换机',2,'[{\"changed\": {\"fields\": [\"owner\"]}}]',10,1),(343,'2018-11-06 07:38:09.372000','19','投影机',2,'[{\"changed\": {\"fields\": [\"owner\"]}}]',10,1),(344,'2018-11-06 07:38:48.539000','12','VGA分配器',2,'[{\"changed\": {\"fields\": [\"owner\"]}}]',10,1),(345,'2018-11-06 11:37:14.292000','6','test_dj_wy',2,'[{\"changed\": {\"fields\": [\"groups\", \"last_login\"]}}]',4,1),(346,'2018-11-06 12:23:28.110000','3','大金',1,'[{\"added\": {}}]',13,1),(347,'2018-11-06 12:28:05.257000','3','大金',3,'',13,1),(348,'2018-11-07 10:32:54.558000','4','大金',1,'[{\"added\": {}}]',13,1),(349,'2018-11-07 16:50:33.312000','6','中控',1,'[{\"added\": {}}]',11,1),(350,'2018-11-07 16:57:18.811000','5','测试单位a',1,'[{\"added\": {}}]',13,1),(351,'2018-11-07 16:57:30.960000','6','测试单位b',1,'[{\"added\": {}}]',13,1),(352,'2018-11-08 02:46:27.589000','6','test_dj_wy',2,'[{\"changed\": {\"fields\": [\"is_staff\", \"last_login\"]}}]',4,1),(353,'2018-11-08 02:46:35.423000','7','test_wl_wx',2,'[{\"changed\": {\"fields\": [\"is_staff\", \"last_login\"]}}]',4,1),(354,'2018-11-08 02:49:23.380000','23','VGA分配器',1,'[{\"added\": {}}]',10,1),(355,'2018-11-08 02:50:44.278000','23','VGA分配器',2,'[{\"changed\": {\"fields\": [\"\\u4ef7\\u683c\"]}}]',10,1),(356,'2018-11-08 14:05:24.891000','26','学生终端',3,'',10,1),(357,'2018-11-08 14:05:24.898000','25','学生终端',3,'',10,1),(358,'2018-11-08 14:05:24.905000','24','学生交换机',3,'',10,1),(359,'2018-11-08 14:05:24.912000','22','语音卡',3,'',10,1),(360,'2018-11-08 14:05:24.918000','20','学生终端',3,'',10,1),(361,'2018-11-08 14:05:24.925000','19','投影机',3,'',10,1),(362,'2018-11-08 14:05:51.320000','6','测试单位b',3,'',13,1),(363,'2018-11-08 14:05:51.334000','5','测试单位a',3,'',13,1),(364,'2018-11-08 14:05:51.341000','4','大金',3,'',13,1),(365,'2018-11-08 14:06:09.937000','6','中控',3,'',11,1),(366,'2018-11-08 16:34:17.675000','7','大金',1,'[{\"added\": {}}]',13,1);
/*!40000 ALTER TABLE `django_admin_log` ENABLE KEYS */;
UNLOCK TABLES;

--
-- Table structure for table `django_content_type`
--

DROP TABLE IF EXISTS `django_content_type`;
/*!40101 SET @saved_cs_client     = @@character_set_client */;
 SET character_set_client = utf8mb4 ;
CREATE TABLE `django_content_type` (
  `id` int(11) NOT NULL AUTO_INCREMENT,
  `app_label` varchar(100) COLLATE utf8mb4_unicode_ci NOT NULL,
  `model` varchar(100) COLLATE utf8mb4_unicode_ci NOT NULL,
  PRIMARY KEY (`id`),
  UNIQUE KEY `django_content_type_app_label_model_76bd3d3b_uniq` (`app_label`,`model`)
) ENGINE=InnoDB AUTO_INCREMENT=16 DEFAULT CHARSET=utf8mb4 COLLATE=utf8mb4_unicode_ci;
/*!40101 SET character_set_client = @saved_cs_client */;

--
-- Dumping data for table `django_content_type`
--

LOCK TABLES `django_content_type` WRITE;
/*!40000 ALTER TABLE `django_content_type` DISABLE KEYS */;
INSERT INTO `django_content_type` VALUES (1,'admin','logentry'),(7,'app_learning','article'),(3,'auth','group'),(2,'auth','permission'),(4,'auth','user'),(9,'bolg','blog'),(8,'bolg','blog_type'),(5,'contenttypes','contenttype'),(13,'notes','customer'),(15,'notes','fault'),(10,'notes','notes'),(14,'notes','report_time'),(12,'notes','unit_models'),(11,'notes','unit_types'),(6,'sessions','session');
/*!40000 ALTER TABLE `django_content_type` ENABLE KEYS */;
UNLOCK TABLES;

--
-- Table structure for table `django_migrations`
--

DROP TABLE IF EXISTS `django_migrations`;
/*!40101 SET @saved_cs_client     = @@character_set_client */;
 SET character_set_client = utf8mb4 ;
CREATE TABLE `django_migrations` (
  `id` int(11) NOT NULL AUTO_INCREMENT,
  `app` varchar(255) COLLATE utf8mb4_unicode_ci NOT NULL,
  `name` varchar(255) COLLATE utf8mb4_unicode_ci NOT NULL,
  `applied` datetime(6) NOT NULL,
  PRIMARY KEY (`id`)
) ENGINE=InnoDB AUTO_INCREMENT=48 DEFAULT CHARSET=utf8mb4 COLLATE=utf8mb4_unicode_ci;
/*!40101 SET character_set_client = @saved_cs_client */;

--
-- Dumping data for table `django_migrations`
--

LOCK TABLES `django_migrations` WRITE;
/*!40000 ALTER TABLE `django_migrations` DISABLE KEYS */;
INSERT INTO `django_migrations` VALUES (1,'contenttypes','0001_initial','2018-11-13 13:43:45.348124'),(2,'auth','0001_initial','2018-11-13 13:43:46.029132'),(3,'admin','0001_initial','2018-11-13 13:43:46.186860'),(4,'admin','0002_logentry_remove_auto_add','2018-11-13 13:43:46.198764'),(5,'admin','0003_logentry_add_action_flag_choices','2018-11-13 13:43:46.209676'),(6,'contenttypes','0002_remove_content_type_name','2018-11-13 13:43:46.319789'),(7,'auth','0002_alter_permission_name_max_length','2018-11-13 13:43:46.386748'),(8,'auth','0003_alter_user_email_max_length','2018-11-13 13:43:46.415516'),(9,'auth','0004_alter_user_username_opts','2018-11-13 13:43:46.426428'),(10,'auth','0005_alter_user_last_login_null','2018-11-13 13:43:46.482972'),(11,'auth','0006_require_contenttypes_0002','2018-11-13 13:43:46.487436'),(12,'auth','0007_alter_validators_add_error_messages','2018-11-13 13:43:46.497356'),(13,'auth','0008_alter_user_username_max_length','2018-11-13 13:43:46.566301'),(14,'auth','0009_alter_user_last_name_max_length','2018-11-13 13:43:46.629293'),(15,'notes','0001_initial','2018-11-13 13:43:46.662525'),(16,'notes','0002_auto_20181024_1040','2018-11-13 13:43:46.676412'),(17,'notes','0003_notes_js','2018-11-13 13:43:46.694268'),(18,'notes','0004_auto_20181024_1049','2018-11-13 13:43:46.837612'),(19,'notes','0005_auto_20181025_0914','2018-11-13 13:43:47.089084'),(20,'notes','0006_auto_20181025_0937','2018-11-13 13:43:47.096524'),(21,'notes','0007_auto_20181025_0943','2018-11-13 13:43:47.212588'),(22,'notes','0008_remove_notes_类别','2018-11-13 13:43:47.279052'),(23,'notes','0009_remove_notes_date','2018-11-13 13:43:47.325675'),(24,'notes','0010_auto_20181025_0951','2018-11-13 13:43:47.421404'),(25,'notes','0011_auto_20181025_0954','2018-11-13 13:43:47.546893'),(26,'notes','0012_auto_20181025_1454','2018-11-13 13:43:47.831598'),(27,'notes','0013_remove_notes_序号','2018-11-13 13:43:47.887148'),(28,'notes','0014_auto_20181026_0945','2018-11-13 13:43:47.943692'),(29,'notes','0015_auto_20181026_0949','2018-11-13 13:43:47.955596'),(30,'notes','0016_auto_20181029_0900','2018-11-13 13:43:47.982876'),(31,'notes','0017_customer_report_time','2018-11-13 13:43:48.032971'),(32,'notes','0018_auto_20181031_0930','2018-11-13 13:43:48.238315'),(33,'notes','0019_auto_20181031_0931','2018-11-13 13:43:48.382651'),(34,'notes','0020_report_time_test_time','2018-11-13 13:43:48.408939'),(35,'notes','0021_auto_20181105_1637','2018-11-13 13:43:48.549307'),(36,'notes','0022_notes_故障描述','2018-11-13 13:43:48.660907'),(37,'notes','0023_unit_types_customer','2018-11-13 13:43:48.759116'),(38,'notes','0024_remove_unit_types_customer','2018-11-13 13:43:48.852364'),(39,'notes','0025_unit_types_customer','2018-11-13 13:43:48.949083'),(40,'notes','0026_notes_owner','2018-11-13 13:43:49.079035'),(41,'notes','0027_customer_group','2018-11-13 13:43:49.198077'),(42,'notes','0028_auto_20181111_1237','2018-11-13 13:43:49.545771'),(43,'notes','0029_auto_20181111_1615','2018-11-13 13:43:49.694075'),(44,'notes','0030_auto_20181111_1627','2018-11-13 13:43:49.728796'),(45,'notes','0031_auto_20181111_1629','2018-11-13 13:43:49.762524'),(46,'notes','0032_notes_状态','2018-11-13 13:43:49.809147'),(47,'sessions','0001_initial','2018-11-13 13:43:49.849323');
/*!40000 ALTER TABLE `django_migrations` ENABLE KEYS */;
UNLOCK TABLES;

--
-- Table structure for table `django_session`
--

DROP TABLE IF EXISTS `django_session`;
/*!40101 SET @saved_cs_client     = @@character_set_client */;
 SET character_set_client = utf8mb4 ;
CREATE TABLE `django_session` (
  `session_key` varchar(40) COLLATE utf8mb4_unicode_ci NOT NULL,
  `session_data` longtext COLLATE utf8mb4_unicode_ci NOT NULL,
  `expire_date` datetime(6) NOT NULL,
  PRIMARY KEY (`session_key`),
  KEY `django_session_expire_date_a5c62663` (`expire_date`)
) ENGINE=InnoDB DEFAULT CHARSET=utf8mb4 COLLATE=utf8mb4_unicode_ci;
/*!40101 SET character_set_client = @saved_cs_client */;

--
-- Dumping data for table `django_session`
--

LOCK TABLES `django_session` WRITE;
/*!40000 ALTER TABLE `django_session` DISABLE KEYS */;
INSERT INTO `django_session` VALUES ('2yhiiam6pdhzf7llw3c5mo1etdiakbe8','ZTQ5NDRlMGFjMTFiZjZmZmE4YjI4N2U2MzRhM2FjOWRhNTI3NjYxNzp7Il9hdXRoX3VzZXJfaWQiOiIxIiwiX2F1dGhfdXNlcl9iYWNrZW5kIjoiZGphbmdvLmNvbnRyaWIuYXV0aC5iYWNrZW5kcy5Nb2RlbEJhY2tlbmQiLCJfYXV0aF91c2VyX2hhc2giOiI5NWZhYjQzYTRmZjE3YTg3NDQzNjQwMzI5MGQxY2Q0N2FmNmI5ZGQyIn0=','2018-11-09 06:45:45.304000'),('457k50hrfaqhz28ei74htcr4ubxo0it7','ZTQ5NDRlMGFjMTFiZjZmZmE4YjI4N2U2MzRhM2FjOWRhNTI3NjYxNzp7Il9hdXRoX3VzZXJfaWQiOiIxIiwiX2F1dGhfdXNlcl9iYWNrZW5kIjoiZGphbmdvLmNvbnRyaWIuYXV0aC5iYWNrZW5kcy5Nb2RlbEJhY2tlbmQiLCJfYXV0aF91c2VyX2hhc2giOiI5NWZhYjQzYTRmZjE3YTg3NDQzNjQwMzI5MGQxY2Q0N2FmNmI5ZGQyIn0=','2018-11-20 12:27:56.866000'),('4dba3zdx9kl95a0aqhhjpc2q82ev6xv5','ZTQ5NDRlMGFjMTFiZjZmZmE4YjI4N2U2MzRhM2FjOWRhNTI3NjYxNzp7Il9hdXRoX3VzZXJfaWQiOiIxIiwiX2F1dGhfdXNlcl9iYWNrZW5kIjoiZGphbmdvLmNvbnRyaWIuYXV0aC5iYWNrZW5kcy5Nb2RlbEJhY2tlbmQiLCJfYXV0aF91c2VyX2hhc2giOiI5NWZhYjQzYTRmZjE3YTg3NDQzNjQwMzI5MGQxY2Q0N2FmNmI5ZGQyIn0=','2018-10-25 01:08:04.985000'),('6uk4jsd63kjxmoqinapee5ti5g8l9f4y','YTMzYWFlM2IwZGExYmI3NTNlYmI4M2Y0ZWNlY2NjYjMxMDdhMWZkNTp7Il9hdXRoX3VzZXJfaWQiOiI3IiwiX2F1dGhfdXNlcl9iYWNrZW5kIjoiZGphbmdvLmNvbnRyaWIuYXV0aC5iYWNrZW5kcy5Nb2RlbEJhY2tlbmQiLCJfYXV0aF91c2VyX2hhc2giOiJhZjBmN2NmZjExMDM1NmI3MDNmZmMxYWUzMmZmNzE1YTNlYmYzN2M5In0=','2018-11-23 07:03:45.140000'),('9d1nw1312cwan77i5bblqe4ad1acu2ha','YTMzYWFlM2IwZGExYmI3NTNlYmI4M2Y0ZWNlY2NjYjMxMDdhMWZkNTp7Il9hdXRoX3VzZXJfaWQiOiI3IiwiX2F1dGhfdXNlcl9iYWNrZW5kIjoiZGphbmdvLmNvbnRyaWIuYXV0aC5iYWNrZW5kcy5Nb2RlbEJhY2tlbmQiLCJfYXV0aF91c2VyX2hhc2giOiJhZjBmN2NmZjExMDM1NmI3MDNmZmMxYWUzMmZmNzE1YTNlYmYzN2M5In0=','2018-11-21 16:42:45.488000'),('e8zg6e4wyip3xuajaqjvbxd2dzd4jg5z','ZTQ5NDRlMGFjMTFiZjZmZmE4YjI4N2U2MzRhM2FjOWRhNTI3NjYxNzp7Il9hdXRoX3VzZXJfaWQiOiIxIiwiX2F1dGhfdXNlcl9iYWNrZW5kIjoiZGphbmdvLmNvbnRyaWIuYXV0aC5iYWNrZW5kcy5Nb2RlbEJhY2tlbmQiLCJfYXV0aF91c2VyX2hhc2giOiI5NWZhYjQzYTRmZjE3YTg3NDQzNjQwMzI5MGQxY2Q0N2FmNmI5ZGQyIn0=','2018-11-22 14:38:23.855000'),('g94vx3a142s1jssipip5h5porsqfqdni','ZTQ5NDRlMGFjMTFiZjZmZmE4YjI4N2U2MzRhM2FjOWRhNTI3NjYxNzp7Il9hdXRoX3VzZXJfaWQiOiIxIiwiX2F1dGhfdXNlcl9iYWNrZW5kIjoiZGphbmdvLmNvbnRyaWIuYXV0aC5iYWNrZW5kcy5Nb2RlbEJhY2tlbmQiLCJfYXV0aF91c2VyX2hhc2giOiI5NWZhYjQzYTRmZjE3YTg3NDQzNjQwMzI5MGQxY2Q0N2FmNmI5ZGQyIn0=','2018-11-15 08:28:11.281000'),('j5brdodjoo3vjxcjsaif7tu7ee5v73d6','YTMzYWFlM2IwZGExYmI3NTNlYmI4M2Y0ZWNlY2NjYjMxMDdhMWZkNTp7Il9hdXRoX3VzZXJfaWQiOiI3IiwiX2F1dGhfdXNlcl9iYWNrZW5kIjoiZGphbmdvLmNvbnRyaWIuYXV0aC5iYWNrZW5kcy5Nb2RlbEJhY2tlbmQiLCJfYXV0aF91c2VyX2hhc2giOiJhZjBmN2NmZjExMDM1NmI3MDNmZmMxYWUzMmZmNzE1YTNlYmYzN2M5In0=','2018-11-20 08:51:07.260000'),('j6tked7m3toj3am5i4lohc9w028jpxga','ZTQ5NDRlMGFjMTFiZjZmZmE4YjI4N2U2MzRhM2FjOWRhNTI3NjYxNzp7Il9hdXRoX3VzZXJfaWQiOiIxIiwiX2F1dGhfdXNlcl9iYWNrZW5kIjoiZGphbmdvLmNvbnRyaWIuYXV0aC5iYWNrZW5kcy5Nb2RlbEJhY2tlbmQiLCJfYXV0aF91c2VyX2hhc2giOiI5NWZhYjQzYTRmZjE3YTg3NDQzNjQwMzI5MGQxY2Q0N2FmNmI5ZGQyIn0=','2018-11-07 11:34:38.635000'),('m8ywl1fgi56cog4pn6tx9wuniav752gl','ZTQ5NDRlMGFjMTFiZjZmZmE4YjI4N2U2MzRhM2FjOWRhNTI3NjYxNzp7Il9hdXRoX3VzZXJfaWQiOiIxIiwiX2F1dGhfdXNlcl9iYWNrZW5kIjoiZGphbmdvLmNvbnRyaWIuYXV0aC5iYWNrZW5kcy5Nb2RlbEJhY2tlbmQiLCJfYXV0aF91c2VyX2hhc2giOiI5NWZhYjQzYTRmZjE3YTg3NDQzNjQwMzI5MGQxY2Q0N2FmNmI5ZGQyIn0=','2018-11-19 16:28:29.084000'),('o03j8261jxwzxcez4270fj29b1gld4vy','ZTQ5NDRlMGFjMTFiZjZmZmE4YjI4N2U2MzRhM2FjOWRhNTI3NjYxNzp7Il9hdXRoX3VzZXJfaWQiOiIxIiwiX2F1dGhfdXNlcl9iYWNrZW5kIjoiZGphbmdvLmNvbnRyaWIuYXV0aC5iYWNrZW5kcy5Nb2RlbEJhY2tlbmQiLCJfYXV0aF91c2VyX2hhc2giOiI5NWZhYjQzYTRmZjE3YTg3NDQzNjQwMzI5MGQxY2Q0N2FmNmI5ZGQyIn0=','2018-11-07 09:03:52.683000'),('oomvttki9bxeglm1zl8e8tgk9ozklic0','YTMzYWFlM2IwZGExYmI3NTNlYmI4M2Y0ZWNlY2NjYjMxMDdhMWZkNTp7Il9hdXRoX3VzZXJfaWQiOiI3IiwiX2F1dGhfdXNlcl9iYWNrZW5kIjoiZGphbmdvLmNvbnRyaWIuYXV0aC5iYWNrZW5kcy5Nb2RlbEJhY2tlbmQiLCJfYXV0aF91c2VyX2hhc2giOiJhZjBmN2NmZjExMDM1NmI3MDNmZmMxYWUzMmZmNzE1YTNlYmYzN2M5In0=','2018-11-25 04:41:16.705000'),('peikw9x74gi635aktu2gqrotren2231g','ZTQ5NDRlMGFjMTFiZjZmZmE4YjI4N2U2MzRhM2FjOWRhNTI3NjYxNzp7Il9hdXRoX3VzZXJfaWQiOiIxIiwiX2F1dGhfdXNlcl9iYWNrZW5kIjoiZGphbmdvLmNvbnRyaWIuYXV0aC5iYWNrZW5kcy5Nb2RlbEJhY2tlbmQiLCJfYXV0aF91c2VyX2hhc2giOiI5NWZhYjQzYTRmZjE3YTg3NDQzNjQwMzI5MGQxY2Q0N2FmNmI5ZGQyIn0=','2018-11-12 03:30:58.399000'),('vx0uzx2ya8ubuwrdtttgiafw936v673y','ZTQ5NDRlMGFjMTFiZjZmZmE4YjI4N2U2MzRhM2FjOWRhNTI3NjYxNzp7Il9hdXRoX3VzZXJfaWQiOiIxIiwiX2F1dGhfdXNlcl9iYWNrZW5kIjoiZGphbmdvLmNvbnRyaWIuYXV0aC5iYWNrZW5kcy5Nb2RlbEJhY2tlbmQiLCJfYXV0aF91c2VyX2hhc2giOiI5NWZhYjQzYTRmZjE3YTg3NDQzNjQwMzI5MGQxY2Q0N2FmNmI5ZGQyIn0=','2018-11-22 16:34:03.860000'),('xg2u2fawx92qawz60q0v7ue6g9rharap','NzgxODJlYzIwNTgxYzMyZGY1NTVjOGU4MjU4NzQ4ZWI0NmNkOTFiYjp7Il9hdXRoX3VzZXJfaWQiOiI2IiwiX2F1dGhfdXNlcl9iYWNrZW5kIjoiZGphbmdvLmNvbnRyaWIuYXV0aC5iYWNrZW5kcy5Nb2RlbEJhY2tlbmQiLCJfYXV0aF91c2VyX2hhc2giOiJmYzYzN2RhOTMwMjk1ZDk0ZDVmMTQyNTJiZGJjYjc1MTcwZGNmMDIzIn0=','2018-11-22 07:10:44.105000'),('xsjqgxjlv51cu09ctsdnp1qx2bixplwo','YTMzYWFlM2IwZGExYmI3NTNlYmI4M2Y0ZWNlY2NjYjMxMDdhMWZkNTp7Il9hdXRoX3VzZXJfaWQiOiI3IiwiX2F1dGhfdXNlcl9iYWNrZW5kIjoiZGphbmdvLmNvbnRyaWIuYXV0aC5iYWNrZW5kcy5Nb2RlbEJhY2tlbmQiLCJfYXV0aF91c2VyX2hhc2giOiJhZjBmN2NmZjExMDM1NmI3MDNmZmMxYWUzMmZmNzE1YTNlYmYzN2M5In0=','2018-11-21 17:20:45.188000'),('yd10iu9j173gyv0w3pfqur984jb97p25','YTMzYWFlM2IwZGExYmI3NTNlYmI4M2Y0ZWNlY2NjYjMxMDdhMWZkNTp7Il9hdXRoX3VzZXJfaWQiOiI3IiwiX2F1dGhfdXNlcl9iYWNrZW5kIjoiZGphbmdvLmNvbnRyaWIuYXV0aC5iYWNrZW5kcy5Nb2RlbEJhY2tlbmQiLCJfYXV0aF91c2VyX2hhc2giOiJhZjBmN2NmZjExMDM1NmI3MDNmZmMxYWUzMmZmNzE1YTNlYmYzN2M5In0=','2018-11-27 14:02:29.940516');
/*!40000 ALTER TABLE `django_session` ENABLE KEYS */;
UNLOCK TABLES;

--
-- Table structure for table `notes_customer`
--

DROP TABLE IF EXISTS `notes_customer`;
/*!40101 SET @saved_cs_client     = @@character_set_client */;
 SET character_set_client = utf8mb4 ;
CREATE TABLE `notes_customer` (
  `id` int(11) NOT NULL AUTO_INCREMENT,
  `title` varchar(30) COLLATE utf8mb4_unicode_ci NOT NULL,
  `group_id` int(11) NOT NULL,
  PRIMARY KEY (`id`),
  KEY `notes_customer_group_id_b463a55e_fk_auth_group_id` (`group_id`),
  CONSTRAINT `notes_customer_group_id_b463a55e_fk_auth_group_id` FOREIGN KEY (`group_id`) REFERENCES `auth_group` (`id`)
) ENGINE=InnoDB AUTO_INCREMENT=9 DEFAULT CHARSET=utf8mb4 COLLATE=utf8mb4_unicode_ci;
/*!40101 SET character_set_client = @saved_cs_client */;

--
-- Dumping data for table `notes_customer`
--

LOCK TABLES `notes_customer` WRITE;
/*!40000 ALTER TABLE `notes_customer` DISABLE KEYS */;
INSERT INTO `notes_customer` VALUES (1,'蓝鸽',1),(2,'志向',1),(7,'大金',2),(8,'电教测试单位1',1);
/*!40000 ALTER TABLE `notes_customer` ENABLE KEYS */;
UNLOCK TABLES;

--
-- Table structure for table `notes_notes`
--

DROP TABLE IF EXISTS `notes_notes`;
/*!40101 SET @saved_cs_client     = @@character_set_client */;
 SET character_set_client = utf8mb4 ;
CREATE TABLE `notes_notes` (
  `id` int(11) NOT NULL AUTO_INCREMENT,
  `教室` varchar(30) COLLATE utf8mb4_unicode_ci NOT NULL,
  `价格` int(11) NOT NULL,
  `报账` tinyint(1) NOT NULL,
  `数量` int(11) NOT NULL,
  `date` date NOT NULL,
  `类别_id` int(11) NOT NULL,
  `型号_id` int(11) NOT NULL,
  `合计` int(11) DEFAULT NULL,
  `售后_id` int(11) NOT NULL,
  `报账时间_id` int(11) DEFAULT NULL,
  `方式` varchar(30) COLLATE utf8mb4_unicode_ci NOT NULL,
  `故障描述` varchar(30) COLLATE utf8mb4_unicode_ci NOT NULL,
  `owner_id` int(11) NOT NULL,
  `修复时间` bigint(20) DEFAULT NULL,
  `到校时间` date DEFAULT NULL,
  `响应时间` bigint(20) DEFAULT NULL,
  `返校时间` date DEFAULT NULL,
  `通知时间` date DEFAULT NULL,
  `状态` varchar(15) COLLATE utf8mb4_unicode_ci NOT NULL,
  PRIMARY KEY (`id`),
  KEY `notes_notes_类别_id_745f299c_fk_notes_unit_types_id` (`类别_id`),
  KEY `notes_notes_型号_id_ef0d6061_fk_notes_unit_models_id` (`型号_id`),
  KEY `notes_notes_售后_id_3c138d77_fk_notes_customer_id` (`售后_id`),
  KEY `notes_notes_报账时间_id_939eddd6_fk_notes_report_time_id` (`报账时间_id`),
  KEY `notes_notes_owner_id_158d4ec4_fk_auth_user_id` (`owner_id`),
  CONSTRAINT `notes_notes_owner_id_158d4ec4_fk_auth_user_id` FOREIGN KEY (`owner_id`) REFERENCES `auth_user` (`id`),
  CONSTRAINT `notes_notes_售后_id_3c138d77_fk_notes_customer_id` FOREIGN KEY (`售后_id`) REFERENCES `notes_customer` (`id`),
  CONSTRAINT `notes_notes_型号_id_ef0d6061_fk_notes_unit_models_id` FOREIGN KEY (`型号_id`) REFERENCES `notes_unit_models` (`id`),
  CONSTRAINT `notes_notes_报账时间_id_939eddd6_fk_notes_report_time_id` FOREIGN KEY (`报账时间_id`) REFERENCES `notes_report_time` (`id`),
  CONSTRAINT `notes_notes_类别_id_745f299c_fk_notes_unit_types_id` FOREIGN KEY (`类别_id`) REFERENCES `notes_unit_types` (`id`)
) ENGINE=InnoDB AUTO_INCREMENT=24 DEFAULT CHARSET=utf8mb4 COLLATE=utf8mb4_unicode_ci;
/*!40101 SET character_set_client = @saved_cs_client */;

--
-- Dumping data for table `notes_notes`
--

LOCK TABLES `notes_notes` WRITE;
/*!40000 ALTER TABLE `notes_notes` DISABLE KEYS */;
INSERT INTO `notes_notes` VALUES (1,'21语',525,0,1,'2018-10-25',1,1,525,1,NULL,'换新','没有启动',7,NULL,NULL,NULL,NULL,NULL,'未通知售后'),(2,'22语、25语',525,1,2,'2017-08-27',1,1,1050,1,1,'换电源','2',7,NULL,NULL,NULL,NULL,NULL,'未通知售后'),(3,'23语',525,1,1,'2017-10-09',1,1,525,1,1,'换电源','2',7,NULL,NULL,NULL,NULL,NULL,'未通知售后'),(4,'26语',525,1,1,'2018-03-01',1,1,525,1,1,'换电源','2',7,NULL,NULL,NULL,NULL,NULL,'未通知售后'),(5,'2语',290,1,1,'2018-04-18',2,2,290,1,1,'换新','6',6,NULL,NULL,NULL,NULL,NULL,'未通知售后'),(6,'1语、20语',525,1,2,'2018-04-18',1,1,1050,1,1,'换电源','2',6,NULL,NULL,NULL,NULL,NULL,'未通知售后'),(7,'2语、24语',525,1,2,'2018-06-13',1,1,1050,1,1,'换电源','2',6,NULL,NULL,NULL,NULL,NULL,'未通知售后'),(8,'21语、25语',525,1,2,'2018-08-28',1,1,1050,1,1,'换电源','2',7,NULL,NULL,NULL,NULL,NULL,'未通知售后'),(9,'20语、21语',850,1,2,'2018-08-28',3,3,1700,1,1,'换新','7',7,NULL,NULL,NULL,NULL,NULL,'未通知售后'),(10,'4语',290,1,1,'2018-09-03',2,2,290,1,1,'换新','6',6,NULL,NULL,NULL,NULL,NULL,'未通知售后'),(11,'1语',525,1,1,'2018-09-03',1,1,525,1,1,'换电源','2',6,NULL,NULL,NULL,NULL,NULL,'未通知售后'),(12,'22语',336,1,1,'2018-10-10',4,4,336,1,1,'购新','3',7,NULL,NULL,NULL,NULL,NULL,'未通知售后'),(13,'教室位置IA212--IA219',180,1,8,'2018-09-03',5,5,1440,2,2,'光路除尘','5',6,NULL,NULL,NULL,NULL,NULL,'未通知售后'),(14,'IA215，IA216，IA219',1500,1,3,'2018-09-03',5,5,4500,2,2,'投影机灯泡','5',6,NULL,NULL,NULL,NULL,NULL,'未通知售后'),(15,'IA214  ⅠA412',1500,1,2,'2018-09-03',5,5,3000,2,2,'DMD芯片','5',6,NULL,NULL,NULL,NULL,NULL,'未通知售后'),(16,'IIB113  IIB112  IA308',890,1,3,'2018-09-14',5,6,2670,2,2,'电源板','1',6,NULL,NULL,NULL,NULL,NULL,'未通知售后'),(17,'ⅡB212',780,1,1,'2018-09-19',5,7,780,2,2,'电源板','1',6,NULL,NULL,NULL,NULL,NULL,'未通知售后'),(18,'ⅡB110',780,1,1,'2018-09-19',5,6,780,2,2,'投影机色轮','4',6,NULL,NULL,NULL,NULL,NULL,'未通知售后'),(23,'22语',0,0,1,'2018-11-07',4,4,0,1,NULL,'保内，已更换','没有启动',7,86400000000,'2018-11-07',0,'2018-11-08','2018-11-07','设备已修复');
/*!40000 ALTER TABLE `notes_notes` ENABLE KEYS */;
UNLOCK TABLES;

--
-- Table structure for table `notes_report_time`
--

DROP TABLE IF EXISTS `notes_report_time`;
/*!40101 SET @saved_cs_client     = @@character_set_client */;
 SET character_set_client = utf8mb4 ;
CREATE TABLE `notes_report_time` (
  `id` int(11) NOT NULL AUTO_INCREMENT,
  `title` varchar(30) COLLATE utf8mb4_unicode_ci NOT NULL,
  `detail` varchar(30) COLLATE utf8mb4_unicode_ci NOT NULL,
  `report_time` date NOT NULL,
  `test_time` varchar(30) COLLATE utf8mb4_unicode_ci DEFAULT NULL,
  PRIMARY KEY (`id`)
) ENGINE=InnoDB AUTO_INCREMENT=3 DEFAULT CHARSET=utf8mb4 COLLATE=utf8mb4_unicode_ci;
/*!40101 SET character_set_client = @saved_cs_client */;

--
-- Dumping data for table `notes_report_time`
--

LOCK TABLES `notes_report_time` WRITE;
/*!40000 ALTER TABLE `notes_report_time` DISABLE KEYS */;
INSERT INTO `notes_report_time` VALUES (1,'2017-2018下学年蓝鸽报账','包含2018-2019上学年开学','2018-10-18','2018-10-18'),(2,'2017-2018下学年志向报账','无','2018-10-17','2018-10-17');
/*!40000 ALTER TABLE `notes_report_time` ENABLE KEYS */;
UNLOCK TABLES;

--
-- Table structure for table `notes_unit_models`
--

DROP TABLE IF EXISTS `notes_unit_models`;
/*!40101 SET @saved_cs_client     = @@character_set_client */;
 SET character_set_client = utf8mb4 ;
CREATE TABLE `notes_unit_models` (
  `id` int(11) NOT NULL AUTO_INCREMENT,
  `型号` varchar(30) COLLATE utf8mb4_unicode_ci NOT NULL,
  `设备类型_id` int(11) NOT NULL,
  PRIMARY KEY (`id`),
  KEY `notes_unit_models_设备类型_id_9c5422a6_fk_notes_unit_types_id` (`设备类型_id`),
  CONSTRAINT `notes_unit_models_设备类型_id_9c5422a6_fk_notes_unit_types_id` FOREIGN KEY (`设备类型_id`) REFERENCES `notes_unit_types` (`id`)
) ENGINE=InnoDB AUTO_INCREMENT=10 DEFAULT CHARSET=utf8mb4 COLLATE=utf8mb4_unicode_ci;
/*!40101 SET character_set_client = @saved_cs_client */;

--
-- Dumping data for table `notes_unit_models`
--

LOCK TABLES `notes_unit_models` WRITE;
/*!40000 ALTER TABLE `notes_unit_models` DISABLE KEYS */;
INSERT INTO `notes_unit_models` VALUES (1,'LBS05B',1),(2,'LBD05C',2),(3,'LBD203F',3),(4,'VGA-8A',4),(5,'三菱GX-545',5),(6,'三菱GX-565',5),(7,'夏普XG-E2610XA',5),(9,'电教测试单位1测试设备1型号2',7);
/*!40000 ALTER TABLE `notes_unit_models` ENABLE KEYS */;
UNLOCK TABLES;

--
-- Table structure for table `notes_unit_types`
--

DROP TABLE IF EXISTS `notes_unit_types`;
/*!40101 SET @saved_cs_client     = @@character_set_client */;
 SET character_set_client = utf8mb4 ;
CREATE TABLE `notes_unit_types` (
  `id` int(11) NOT NULL AUTO_INCREMENT,
  `设备类型` varchar(30) COLLATE utf8mb4_unicode_ci NOT NULL,
  `customer_id` int(11) NOT NULL,
  PRIMARY KEY (`id`),
  KEY `notes_unit_types_customer_id_7c47d496_fk_notes_customer_id` (`customer_id`),
  CONSTRAINT `notes_unit_types_customer_id_7c47d496_fk_notes_customer_id` FOREIGN KEY (`customer_id`) REFERENCES `notes_customer` (`id`)
) ENGINE=InnoDB AUTO_INCREMENT=8 DEFAULT CHARSET=utf8mb4 COLLATE=utf8mb4_unicode_ci;
/*!40101 SET character_set_client = @saved_cs_client */;

--
-- Dumping data for table `notes_unit_types`
--

LOCK TABLES `notes_unit_types` WRITE;
/*!40000 ALTER TABLE `notes_unit_types` DISABLE KEYS */;
INSERT INTO `notes_unit_types` VALUES (1,'学生交换机',1),(2,'学生终端',1),(3,'语音卡',1),(4,'VGA分配器',1),(5,'投影机',2),(7,'电教测试单位1测试设备2',8);
/*!40000 ALTER TABLE `notes_unit_types` ENABLE KEYS */;
UNLOCK TABLES;
/*!40103 SET TIME_ZONE=@OLD_TIME_ZONE */;

/*!40101 SET SQL_MODE=@OLD_SQL_MODE */;
/*!40014 SET FOREIGN_KEY_CHECKS=@OLD_FOREIGN_KEY_CHECKS */;
/*!40014 SET UNIQUE_CHECKS=@OLD_UNIQUE_CHECKS */;
/*!40101 SET CHARACTER_SET_CLIENT=@OLD_CHARACTER_SET_CLIENT */;
/*!40101 SET CHARACTER_SET_RESULTS=@OLD_CHARACTER_SET_RESULTS */;
/*!40101 SET COLLATION_CONNECTION=@OLD_COLLATION_CONNECTION */;
/*!40111 SET SQL_NOTES=@OLD_SQL_NOTES */;

-- Dump completed on 2018-11-13 23:10:25
