[{"model": "contenttypes.contenttype", "pk": 1, "fields": {"app_label": "admin", "model": "logentry"}}, {"model": "contenttypes.contenttype", "pk": 2, "fields": {"app_label": "auth", "model": "permission"}}, {"model": "contenttypes.contenttype", "pk": 3, "fields": {"app_label": "auth", "model": "group"}}, {"model": "contenttypes.contenttype", "pk": 4, "fields": {"app_label": "auth", "model": "user"}}, {"model": "contenttypes.contenttype", "pk": 5, "fields": {"app_label": "contenttypes", "model": "contenttype"}}, {"model": "contenttypes.contenttype", "pk": 6, "fields": {"app_label": "sessions", "model": "session"}}, {"model": "contenttypes.contenttype", "pk": 7, "fields": {"app_label": "app_learning", "model": "article"}}, {"model": "contenttypes.contenttype", "pk": 8, "fields": {"app_label": "bolg", "model": "blog_type"}}, {"model": "contenttypes.contenttype", "pk": 9, "fields": {"app_label": "bolg", "model": "blog"}}, {"model": "contenttypes.contenttype", "pk": 10, "fields": {"app_label": "notes", "model": "notes"}}, {"model": "contenttypes.contenttype", "pk": 11, "fields": {"app_label": "notes", "model": "unit_types"}}, {"model": "contenttypes.contenttype", "pk": 12, "fields": {"app_label": "notes", "model": "unit_models"}}, {"model": "contenttypes.contenttype", "pk": 13, "fields": {"app_label": "notes", "model": "customer"}}, {"model": "contenttypes.contenttype", "pk": 14, "fields": {"app_label": "notes", "model": "report_time"}}, {"model": "contenttypes.contenttype", "pk": 15, "fields": {"app_label": "notes", "model": "fault"}}, {"model": "sessions.session", "pk": "2yhiiam6pdhzf7llw3c5mo1etdiakbe8", "fields": {"session_data": "ZTQ5NDRlMGFjMTFiZjZmZmE4YjI4N2U2MzRhM2FjOWRhNTI3NjYxNzp7Il9hdXRoX3VzZXJfaWQiOiIxIiwiX2F1dGhfdXNlcl9iYWNrZW5kIjoiZGphbmdvLmNvbnRyaWIuYXV0aC5iYWNrZW5kcy5Nb2RlbEJhY2tlbmQiLCJfYXV0aF91c2VyX2hhc2giOiI5NWZhYjQzYTRmZjE3YTg3NDQzNjQwMzI5MGQxY2Q0N2FmNmI5ZGQyIn0=", "expire_date": "2018-11-09T06:45:45.304Z"}}, {"model": "sessions.session", "pk": "457k50hrfaqhz28ei74htcr4ubxo0it7", "fields": {"session_data": "ZTQ5NDRlMGFjMTFiZjZmZmE4YjI4N2U2MzRhM2FjOWRhNTI3NjYxNzp7Il9hdXRoX3VzZXJfaWQiOiIxIiwiX2F1dGhfdXNlcl9iYWNrZW5kIjoiZGphbmdvLmNvbnRyaWIuYXV0aC5iYWNrZW5kcy5Nb2RlbEJhY2tlbmQiLCJfYXV0aF91c2VyX2hhc2giOiI5NWZhYjQzYTRmZjE3YTg3NDQzNjQwMzI5MGQxY2Q0N2FmNmI5ZGQyIn0=", "expire_date": "2018-11-20T12:27:56.866Z"}}, {"model": "sessions.session", "pk": "4dba3zdx9kl95a0aqhhjpc2q82ev6xv5", "fields": {"session_data": "ZTQ5NDRlMGFjMTFiZjZmZmE4YjI4N2U2MzRhM2FjOWRhNTI3NjYxNzp7Il9hdXRoX3VzZXJfaWQiOiIxIiwiX2F1dGhfdXNlcl9iYWNrZW5kIjoiZGphbmdvLmNvbnRyaWIuYXV0aC5iYWNrZW5kcy5Nb2RlbEJhY2tlbmQiLCJfYXV0aF91c2VyX2hhc2giOiI5NWZhYjQzYTRmZjE3YTg3NDQzNjQwMzI5MGQxY2Q0N2FmNmI5ZGQyIn0=", "expire_date": "2018-10-25T01:08:04.985Z"}}, {"model": "sessions.session", "pk": "4e7jsbfw0xhxwlz0t3kza1zunopqvjqx", "fields": {"session_data": "MmY0MjBjYjJlNTYwMjE4ZjVjMzBmNTgyMWU2YzA4ZmFjY2Q3MWZjZDp7Il9hdXRoX3VzZXJfaWQiOiI5IiwiX2F1dGhfdXNlcl9iYWNrZW5kIjoiZGphbmdvLmNvbnRyaWIuYXV0aC5iYWNrZW5kcy5Nb2RlbEJhY2tlbmQiLCJfYXV0aF91c2VyX2hhc2giOiJkNTk0M2ExMWE5NWJiMjBiNDRlNzljODMzODdiMTk0NTkxZGY3MGI4In0=", "expire_date": "2018-12-02T16:57:38.875Z"}}, {"model": "sessions.session", "pk": "9d1nw1312cwan77i5bblqe4ad1acu2ha", "fields": {"session_data": "YTMzYWFlM2IwZGExYmI3NTNlYmI4M2Y0ZWNlY2NjYjMxMDdhMWZkNTp7Il9hdXRoX3VzZXJfaWQiOiI3IiwiX2F1dGhfdXNlcl9iYWNrZW5kIjoiZGphbmdvLmNvbnRyaWIuYXV0aC5iYWNrZW5kcy5Nb2RlbEJhY2tlbmQiLCJfYXV0aF91c2VyX2hhc2giOiJhZjBmN2NmZjExMDM1NmI3MDNmZmMxYWUzMmZmNzE1YTNlYmYzN2M5In0=", "expire_date": "2018-11-21T16:42:45.488Z"}}, {"model": "sessions.session", "pk": "e8zg6e4wyip3xuajaqjvbxd2dzd4jg5z", "fields": {"session_data": "ZTQ5NDRlMGFjMTFiZjZmZmE4YjI4N2U2MzRhM2FjOWRhNTI3NjYxNzp7Il9hdXRoX3VzZXJfaWQiOiIxIiwiX2F1dGhfdXNlcl9iYWNrZW5kIjoiZGphbmdvLmNvbnRyaWIuYXV0aC5iYWNrZW5kcy5Nb2RlbEJhY2tlbmQiLCJfYXV0aF91c2VyX2hhc2giOiI5NWZhYjQzYTRmZjE3YTg3NDQzNjQwMzI5MGQxY2Q0N2FmNmI5ZGQyIn0=", "expire_date": "2018-11-22T14:38:23.855Z"}}, {"model": "sessions.session", "pk": "g94vx3a142s1jssipip5h5porsqfqdni", "fields": {"session_data": "ZTQ5NDRlMGFjMTFiZjZmZmE4YjI4N2U2MzRhM2FjOWRhNTI3NjYxNzp7Il9hdXRoX3VzZXJfaWQiOiIxIiwiX2F1dGhfdXNlcl9iYWNrZW5kIjoiZGphbmdvLmNvbnRyaWIuYXV0aC5iYWNrZW5kcy5Nb2RlbEJhY2tlbmQiLCJfYXV0aF91c2VyX2hhc2giOiI5NWZhYjQzYTRmZjE3YTg3NDQzNjQwMzI5MGQxY2Q0N2FmNmI5ZGQyIn0=", "expire_date": "2018-11-15T08:28:11.281Z"}}, {"model": "sessions.session", "pk": "j5brdodjoo3vjxcjsaif7tu7ee5v73d6", "fields": {"session_data": "YTMzYWFlM2IwZGExYmI3NTNlYmI4M2Y0ZWNlY2NjYjMxMDdhMWZkNTp7Il9hdXRoX3VzZXJfaWQiOiI3IiwiX2F1dGhfdXNlcl9iYWNrZW5kIjoiZGphbmdvLmNvbnRyaWIuYXV0aC5iYWNrZW5kcy5Nb2RlbEJhY2tlbmQiLCJfYXV0aF91c2VyX2hhc2giOiJhZjBmN2NmZjExMDM1NmI3MDNmZmMxYWUzMmZmNzE1YTNlYmYzN2M5In0=", "expire_date": "2018-11-20T08:51:07.260Z"}}, {"model": "sessions.session", "pk": "j6tked7m3toj3am5i4lohc9w028jpxga", "fields": {"session_data": "ZTQ5NDRlMGFjMTFiZjZmZmE4YjI4N2U2MzRhM2FjOWRhNTI3NjYxNzp7Il9hdXRoX3VzZXJfaWQiOiIxIiwiX2F1dGhfdXNlcl9iYWNrZW5kIjoiZGphbmdvLmNvbnRyaWIuYXV0aC5iYWNrZW5kcy5Nb2RlbEJhY2tlbmQiLCJfYXV0aF91c2VyX2hhc2giOiI5NWZhYjQzYTRmZjE3YTg3NDQzNjQwMzI5MGQxY2Q0N2FmNmI5ZGQyIn0=", "expire_date": "2018-11-07T11:34:38.635Z"}}, {"model": "sessions.session", "pk": "m8ywl1fgi56cog4pn6tx9wuniav752gl", "fields": {"session_data": "ZTQ5NDRlMGFjMTFiZjZmZmE4YjI4N2U2MzRhM2FjOWRhNTI3NjYxNzp7Il9hdXRoX3VzZXJfaWQiOiIxIiwiX2F1dGhfdXNlcl9iYWNrZW5kIjoiZGphbmdvLmNvbnRyaWIuYXV0aC5iYWNrZW5kcy5Nb2RlbEJhY2tlbmQiLCJfYXV0aF91c2VyX2hhc2giOiI5NWZhYjQzYTRmZjE3YTg3NDQzNjQwMzI5MGQxY2Q0N2FmNmI5ZGQyIn0=", "expire_date": "2018-11-19T16:28:29.084Z"}}, {"model": "sessions.session", "pk": "o03j8261jxwzxcez4270fj29b1gld4vy", "fields": {"session_data": "ZTQ5NDRlMGFjMTFiZjZmZmE4YjI4N2U2MzRhM2FjOWRhNTI3NjYxNzp7Il9hdXRoX3VzZXJfaWQiOiIxIiwiX2F1dGhfdXNlcl9iYWNrZW5kIjoiZGphbmdvLmNvbnRyaWIuYXV0aC5iYWNrZW5kcy5Nb2RlbEJhY2tlbmQiLCJfYXV0aF91c2VyX2hhc2giOiI5NWZhYjQzYTRmZjE3YTg3NDQzNjQwMzI5MGQxY2Q0N2FmNmI5ZGQyIn0=", "expire_date": "2018-11-07T09:03:52.683Z"}}, {"model": "sessions.session", "pk": "oomvttki9bxeglm1zl8e8tgk9ozklic0", "fields": {"session_data": "YTMzYWFlM2IwZGExYmI3NTNlYmI4M2Y0ZWNlY2NjYjMxMDdhMWZkNTp7Il9hdXRoX3VzZXJfaWQiOiI3IiwiX2F1dGhfdXNlcl9iYWNrZW5kIjoiZGphbmdvLmNvbnRyaWIuYXV0aC5iYWNrZW5kcy5Nb2RlbEJhY2tlbmQiLCJfYXV0aF91c2VyX2hhc2giOiJhZjBmN2NmZjExMDM1NmI3MDNmZmMxYWUzMmZmNzE1YTNlYmYzN2M5In0=", "expire_date": "2018-11-25T04:41:16.705Z"}}, {"model": "sessions.session", "pk": "peikw9x74gi635aktu2gqrotren2231g", "fields": {"session_data": "ZTQ5NDRlMGFjMTFiZjZmZmE4YjI4N2U2MzRhM2FjOWRhNTI3NjYxNzp7Il9hdXRoX3VzZXJfaWQiOiIxIiwiX2F1dGhfdXNlcl9iYWNrZW5kIjoiZGphbmdvLmNvbnRyaWIuYXV0aC5iYWNrZW5kcy5Nb2RlbEJhY2tlbmQiLCJfYXV0aF91c2VyX2hhc2giOiI5NWZhYjQzYTRmZjE3YTg3NDQzNjQwMzI5MGQxY2Q0N2FmNmI5ZGQyIn0=", "expire_date": "2018-11-12T03:30:58.399Z"}}, {"model": "sessions.session", "pk": "vx0uzx2ya8ubuwrdtttgiafw936v673y", "fields": {"session_data": "ZTQ5NDRlMGFjMTFiZjZmZmE4YjI4N2U2MzRhM2FjOWRhNTI3NjYxNzp7Il9hdXRoX3VzZXJfaWQiOiIxIiwiX2F1dGhfdXNlcl9iYWNrZW5kIjoiZGphbmdvLmNvbnRyaWIuYXV0aC5iYWNrZW5kcy5Nb2RlbEJhY2tlbmQiLCJfYXV0aF91c2VyX2hhc2giOiI5NWZhYjQzYTRmZjE3YTg3NDQzNjQwMzI5MGQxY2Q0N2FmNmI5ZGQyIn0=", "expire_date": "2018-11-22T16:34:03.860Z"}}, {"model": "sessions.session", "pk": "wdcto3ili4ee85opz8vjum4a0f4ljqzc", "fields": {"session_data": "ZTQ5NDRlMGFjMTFiZjZmZmE4YjI4N2U2MzRhM2FjOWRhNTI3NjYxNzp7Il9hdXRoX3VzZXJfaWQiOiIxIiwiX2F1dGhfdXNlcl9iYWNrZW5kIjoiZGphbmdvLmNvbnRyaWIuYXV0aC5iYWNrZW5kcy5Nb2RlbEJhY2tlbmQiLCJfYXV0aF91c2VyX2hhc2giOiI5NWZhYjQzYTRmZjE3YTg3NDQzNjQwMzI5MGQxY2Q0N2FmNmI5ZGQyIn0=", "expire_date": "2018-12-01T13:03:19.174Z"}}, {"model": "sessions.session", "pk": "xg2u2fawx92qawz60q0v7ue6g9rharap", "fields": {"session_data": "NzgxODJlYzIwNTgxYzMyZGY1NTVjOGU4MjU4NzQ4ZWI0NmNkOTFiYjp7Il9hdXRoX3VzZXJfaWQiOiI2IiwiX2F1dGhfdXNlcl9iYWNrZW5kIjoiZGphbmdvLmNvbnRyaWIuYXV0aC5iYWNrZW5kcy5Nb2RlbEJhY2tlbmQiLCJfYXV0aF91c2VyX2hhc2giOiJmYzYzN2RhOTMwMjk1ZDk0ZDVmMTQyNTJiZGJjYjc1MTcwZGNmMDIzIn0=", "expire_date": "2018-11-22T07:10:44.105Z"}}, {"model": "sessions.session", "pk": "xsjqgxjlv51cu09ctsdnp1qx2bixplwo", "fields": {"session_data": "YTMzYWFlM2IwZGExYmI3NTNlYmI4M2Y0ZWNlY2NjYjMxMDdhMWZkNTp7Il9hdXRoX3VzZXJfaWQiOiI3IiwiX2F1dGhfdXNlcl9iYWNrZW5kIjoiZGphbmdvLmNvbnRyaWIuYXV0aC5iYWNrZW5kcy5Nb2RlbEJhY2tlbmQiLCJfYXV0aF91c2VyX2hhc2giOiJhZjBmN2NmZjExMDM1NmI3MDNmZmMxYWUzMmZmNzE1YTNlYmYzN2M5In0=", "expire_date": "2018-11-21T17:20:45.188Z"}}, {"model": "notes.unit_types", "pk": 1, "fields": {"\u8bbe\u5907\u7c7b\u578b": "\u5b66\u751f\u4ea4\u6362\u673a", "customer": 1}}, {"model": "notes.unit_types", "pk": 2, "fields": {"\u8bbe\u5907\u7c7b\u578b": "\u5b66\u751f\u7ec8\u7aef", "customer": 1}}, {"model": "notes.unit_types", "pk": 3, "fields": {"\u8bbe\u5907\u7c7b\u578b": "\u8bed\u97f3\u5361", "customer": 1}}, {"model": "notes.unit_types", "pk": 4, "fields": {"\u8bbe\u5907\u7c7b\u578b": "VGA\u5206\u914d\u5668", "customer": 1}}, {"model": "notes.unit_types", "pk": 5, "fields": {"\u8bbe\u5907\u7c7b\u578b": "\u6295\u5f71\u673a", "customer": 2}}, {"model": "notes.unit_types", "pk": 7, "fields": {"\u8bbe\u5907\u7c7b\u578b": "\u7535\u6559\u6d4b\u8bd5\u5355\u4f4d1\u6d4b\u8bd5\u8bbe\u59072", "customer": 8}}, {"model": "notes.unit_types", "pk": 8, "fields": {"\u8bbe\u5907\u7c7b\u578b": "\u7f51\u7edc\u90e8\u6d4b\u8bd5\u8bbe\u5907\u7c7b\u578b1", "customer": 10}}, {"model": "notes.unit_types", "pk": 9, "fields": {"\u8bbe\u5907\u7c7b\u578b": "\u8ba1\u7b97\u673a\u90e8\u6d4b\u8bd5\u7c7b\u578b1", "customer": 11}}, {"model": "notes.unit_types", "pk": 10, "fields": {"\u8bbe\u5907\u7c7b\u578b": "\u6d4b\u8bd5\u8bbe\u5907_\u7da6\u6c5f", "customer": 12}}, {"model": "notes.unit_models", "pk": 1, "fields": {"\u8bbe\u5907\u7c7b\u578b": 1, "\u578b\u53f7": "LBS05B"}}, {"model": "notes.unit_models", "pk": 2, "fields": {"\u8bbe\u5907\u7c7b\u578b": 2, "\u578b\u53f7": "LBD05C"}}, {"model": "notes.unit_models", "pk": 3, "fields": {"\u8bbe\u5907\u7c7b\u578b": 3, "\u578b\u53f7": "LBD203F"}}, {"model": "notes.unit_models", "pk": 4, "fields": {"\u8bbe\u5907\u7c7b\u578b": 4, "\u578b\u53f7": "VGA-8A"}}, {"model": "notes.unit_models", "pk": 5, "fields": {"\u8bbe\u5907\u7c7b\u578b": 5, "\u578b\u53f7": "\u4e09\u83f1GX-545"}}, {"model": "notes.unit_models", "pk": 6, "fields": {"\u8bbe\u5907\u7c7b\u578b": 5, "\u578b\u53f7": "\u4e09\u83f1GX-565"}}, {"model": "notes.unit_models", "pk": 7, "fields": {"\u8bbe\u5907\u7c7b\u578b": 5, "\u578b\u53f7": "\u590f\u666eXG-E2610XA"}}, {"model": "notes.unit_models", "pk": 9, "fields": {"\u8bbe\u5907\u7c7b\u578b": 7, "\u578b\u53f7": "\u7535\u6559\u6d4b\u8bd5\u5355\u4f4d1\u6d4b\u8bd5\u8bbe\u59071\u578b\u53f72"}}, {"model": "notes.unit_models", "pk": 10, "fields": {"\u8bbe\u5907\u7c7b\u578b": 8, "\u578b\u53f7": "\u7f51\u7edc\u90e8\u6d4b\u8bd5\u578b\u53f71"}}, {"model": "notes.unit_models", "pk": 11, "fields": {"\u8bbe\u5907\u7c7b\u578b": 9, "\u578b\u53f7": "\u8ba1\u7b97\u673a\u90e8\u6d4b\u8bd5\u578b\u53f7"}}, {"model": "notes.unit_models", "pk": 12, "fields": {"\u8bbe\u5907\u7c7b\u578b": 10, "\u578b\u53f7": "\u6d4b\u8bd5\u578b\u53f7_\u7da6\u6c5f"}}, {"model": "notes.report_time", "pk": 1, "fields": {"title": "2017-2018\u4e0b\u5b66\u5e74\u84dd\u9e3d\u62a5\u8d26", "detail": "\u5305\u542b2018-2019\u4e0a\u5b66\u5e74\u5f00\u5b66", "report_time": "2018-10-18", "customer": 1}}, {"model": "notes.report_time", "pk": 2, "fields": {"title": "2017-2018\u4e0b\u5b66\u5e74\u5fd7\u5411\u62a5\u8d26", "detail": "\u65e0", "report_time": "2018-10-17", "customer": 2}}, {"model": "notes.report_time", "pk": 10, "fields": {"title": "tetete", "detail": "\u65e0", "report_time": "2018-11-07", "customer": 8}}, {"model": "notes.report_time", "pk": 11, "fields": {"title": "sdfsfsdfs", "detail": "\u65e0", "report_time": "2018-11-07", "customer": 8}}, {"model": "notes.report_time", "pk": 12, "fields": {"title": "\u7f51\u7edc\u90e8\u6d4b\u8bd5\u62a5\u8d26\u65f6\u95f41", "detail": "\u65e0", "report_time": "2018-11-18", "customer": 10}}, {"model": "notes.report_time", "pk": 13, "fields": {"title": "\u7f51\u7edc\u90e8\u6d4b\u8bd5\u62a5\u8d26\u65f6\u95f42", "detail": "\u65e0", "report_time": "2018-11-19", "customer": 10}}, {"model": "notes.report_time", "pk": 14, "fields": {"title": "\u7f51\u7edc\u90e8\u6d4b\u8bd5\u62a5\u8d26\u65f6\u95f42", "detail": "\u65e0", "report_time": "2018-11-19", "customer": 10}}, {"model": "notes.report_time", "pk": 15, "fields": {"title": "\u7f51\u7edc\u90e8\u6d4b\u8bd5\u62a5\u8d26\u65f6\u95f42", "detail": "\u65e0", "report_time": "2018-11-19", "customer": 10}}, {"model": "notes.report_time", "pk": 16, "fields": {"title": "\u7f51\u7edc\u90e8\u6d4b\u8bd5\u62a5\u8d26\u65f6\u95f42", "detail": "\u65e0", "report_time": "2018-11-19", "customer": 10}}, {"model": "notes.report_time", "pk": 17, "fields": {"title": "\u7f51\u7edc\u90e8\u6d4b\u8bd5\u65f6\u95f43", "detail": "\u65e0", "report_time": "2018-11-19", "customer": 10}}, {"model": "notes.report_time", "pk": 18, "fields": {"title": "\u8ba1\u7b97\u673a\u90e8\u6d4b\u8bd5\u62a5\u8d26", "detail": "\u65e0", "report_time": "2018-11-18", "customer": 11}}, {"model": "notes.report_time", "pk": 19, "fields": {"title": "\u7da6\u6c5f\u6d4b\u8bd5\u62a5\u8d26", "detail": "\u65e0", "report_time": "2018-11-19", "customer": 12}}, {"model": "auth.permission", "pk": 1, "fields": {"name": "Can add log entry", "content_type": 1, "codename": "add_logentry"}}, {"model": "auth.permission", "pk": 2, "fields": {"name": "Can change log entry", "content_type": 1, "codename": "change_logentry"}}, {"model": "auth.permission", "pk": 3, "fields": {"name": "Can delete log entry", "content_type": 1, "codename": "delete_logentry"}}, {"model": "auth.permission", "pk": 4, "fields": {"name": "Can view log entry", "content_type": 1, "codename": "view_logentry"}}, {"model": "auth.permission", "pk": 5, "fields": {"name": "Can add permission", "content_type": 2, "codename": "add_permission"}}, {"model": "auth.permission", "pk": 6, "fields": {"name": "Can change permission", "content_type": 2, "codename": "change_permission"}}, {"model": "auth.permission", "pk": 7, "fields": {"name": "Can delete permission", "content_type": 2, "codename": "delete_permission"}}, {"model": "auth.permission", "pk": 8, "fields": {"name": "Can view permission", "content_type": 2, "codename": "view_permission"}}, {"model": "auth.permission", "pk": 9, "fields": {"name": "Can add group", "content_type": 3, "codename": "add_group"}}, {"model": "auth.permission", "pk": 10, "fields": {"name": "Can change group", "content_type": 3, "codename": "change_group"}}, {"model": "auth.permission", "pk": 11, "fields": {"name": "Can delete group", "content_type": 3, "codename": "delete_group"}}, {"model": "auth.permission", "pk": 12, "fields": {"name": "Can view group", "content_type": 3, "codename": "view_group"}}, {"model": "auth.permission", "pk": 13, "fields": {"name": "Can add user", "content_type": 4, "codename": "add_user"}}, {"model": "auth.permission", "pk": 14, "fields": {"name": "Can change user", "content_type": 4, "codename": "change_user"}}, {"model": "auth.permission", "pk": 15, "fields": {"name": "Can delete user", "content_type": 4, "codename": "delete_user"}}, {"model": "auth.permission", "pk": 16, "fields": {"name": "Can view user", "content_type": 4, "codename": "view_user"}}, {"model": "auth.permission", "pk": 17, "fields": {"name": "Can add content type", "content_type": 5, "codename": "add_contenttype"}}, {"model": "auth.permission", "pk": 18, "fields": {"name": "Can change content type", "content_type": 5, "codename": "change_contenttype"}}, {"model": "auth.permission", "pk": 19, "fields": {"name": "Can delete content type", "content_type": 5, "codename": "delete_contenttype"}}, {"model": "auth.permission", "pk": 20, "fields": {"name": "Can view content type", "content_type": 5, "codename": "view_contenttype"}}, {"model": "auth.permission", "pk": 21, "fields": {"name": "Can add session", "content_type": 6, "codename": "add_session"}}, {"model": "auth.permission", "pk": 22, "fields": {"name": "Can change session", "content_type": 6, "codename": "change_session"}}, {"model": "auth.permission", "pk": 23, "fields": {"name": "Can delete session", "content_type": 6, "codename": "delete_session"}}, {"model": "auth.permission", "pk": 24, "fields": {"name": "Can view session", "content_type": 6, "codename": "view_session"}}, {"model": "auth.permission", "pk": 25, "fields": {"name": "Can add article", "content_type": 7, "codename": "add_article"}}, {"model": "auth.permission", "pk": 26, "fields": {"name": "Can change article", "content_type": 7, "codename": "change_article"}}, {"model": "auth.permission", "pk": 27, "fields": {"name": "Can delete article", "content_type": 7, "codename": "delete_article"}}, {"model": "auth.permission", "pk": 28, "fields": {"name": "Can view article", "content_type": 7, "codename": "view_article"}}, {"model": "auth.permission", "pk": 29, "fields": {"name": "Can add blog_type", "content_type": 8, "codename": "add_blog_type"}}, {"model": "auth.permission", "pk": 30, "fields": {"name": "Can change blog_type", "content_type": 8, "codename": "change_blog_type"}}, {"model": "auth.permission", "pk": 31, "fields": {"name": "Can delete blog_type", "content_type": 8, "codename": "delete_blog_type"}}, {"model": "auth.permission", "pk": 32, "fields": {"name": "Can view blog_type", "content_type": 8, "codename": "view_blog_type"}}, {"model": "auth.permission", "pk": 33, "fields": {"name": "Can add blog", "content_type": 9, "codename": "add_blog"}}, {"model": "auth.permission", "pk": 34, "fields": {"name": "Can change blog", "content_type": 9, "codename": "change_blog"}}, {"model": "auth.permission", "pk": 35, "fields": {"name": "Can delete blog", "content_type": 9, "codename": "delete_blog"}}, {"model": "auth.permission", "pk": 36, "fields": {"name": "Can view blog", "content_type": 9, "codename": "view_blog"}}, {"model": "auth.permission", "pk": 37, "fields": {"name": "Can add notes", "content_type": 10, "codename": "add_notes"}}, {"model": "auth.permission", "pk": 38, "fields": {"name": "Can change notes", "content_type": 10, "codename": "change_notes"}}, {"model": "auth.permission", "pk": 39, "fields": {"name": "Can delete notes", "content_type": 10, "codename": "delete_notes"}}, {"model": "auth.permission", "pk": 40, "fields": {"name": "Can view notes", "content_type": 10, "codename": "view_notes"}}, {"model": "auth.permission", "pk": 41, "fields": {"name": "Can add unit_types", "content_type": 11, "codename": "add_unit_types"}}, {"model": "auth.permission", "pk": 42, "fields": {"name": "Can change unit_types", "content_type": 11, "codename": "change_unit_types"}}, {"model": "auth.permission", "pk": 43, "fields": {"name": "Can delete unit_types", "content_type": 11, "codename": "delete_unit_types"}}, {"model": "auth.permission", "pk": 44, "fields": {"name": "Can view unit_types", "content_type": 11, "codename": "view_unit_types"}}, {"model": "auth.permission", "pk": 45, "fields": {"name": "Can add unit_models", "content_type": 12, "codename": "add_unit_models"}}, {"model": "auth.permission", "pk": 46, "fields": {"name": "Can change unit_models", "content_type": 12, "codename": "change_unit_models"}}, {"model": "auth.permission", "pk": 47, "fields": {"name": "Can delete unit_models", "content_type": 12, "codename": "delete_unit_models"}}, {"model": "auth.permission", "pk": 48, "fields": {"name": "Can view unit_models", "content_type": 12, "codename": "view_unit_models"}}, {"model": "auth.permission", "pk": 49, "fields": {"name": "Can add \u552e\u540e\u5355\u4f4d", "content_type": 13, "codename": "add_customer"}}, {"model": "auth.permission", "pk": 50, "fields": {"name": "Can change \u552e\u540e\u5355\u4f4d", "content_type": 13, "codename": "change_customer"}}, {"model": "auth.permission", "pk": 51, "fields": {"name": "Can delete \u552e\u540e\u5355\u4f4d", "content_type": 13, "codename": "delete_customer"}}, {"model": "auth.permission", "pk": 52, "fields": {"name": "Can view \u552e\u540e\u5355\u4f4d", "content_type": 13, "codename": "view_customer"}}, {"model": "auth.permission", "pk": 53, "fields": {"name": "Can add \u62a5\u8d26\u65f6\u95f4", "content_type": 14, "codename": "add_report_time"}}, {"model": "auth.permission", "pk": 54, "fields": {"name": "Can change \u62a5\u8d26\u65f6\u95f4", "content_type": 14, "codename": "change_report_time"}}, {"model": "auth.permission", "pk": 55, "fields": {"name": "Can delete \u62a5\u8d26\u65f6\u95f4", "content_type": 14, "codename": "delete_report_time"}}, {"model": "auth.permission", "pk": 56, "fields": {"name": "Can view \u62a5\u8d26\u65f6\u95f4", "content_type": 14, "codename": "view_report_time"}}, {"model": "auth.permission", "pk": 57, "fields": {"name": "Can add \u6545\u969c\u63cf\u8ff0", "content_type": 15, "codename": "add_fault"}}, {"model": "auth.permission", "pk": 58, "fields": {"name": "Can change \u6545\u969c\u63cf\u8ff0", "content_type": 15, "codename": "change_fault"}}, {"model": "auth.permission", "pk": 59, "fields": {"name": "Can delete \u6545\u969c\u63cf\u8ff0", "content_type": 15, "codename": "delete_fault"}}, {"model": "auth.permission", "pk": 60, "fields": {"name": "Can view \u6545\u969c\u63cf\u8ff0", "content_type": 15, "codename": "view_fault"}}, {"model": "auth.group", "pk": 1, "fields": {"name": "dj", "permissions": []}}, {"model": "auth.group", "pk": 2, "fields": {"name": "wl", "permissions": []}}, {"model": "auth.group", "pk": 3, "fields": {"name": "jsj", "permissions": []}}, {"model": "auth.group", "pk": 4, "fields": {"name": "qj", "permissions": []}}, {"model": "auth.group", "pk": 5, "fields": {"name": "bz", "permissions": []}}, {"model": "auth.user", "pk": 1, "fields": {"password": "pbkdf2_sha256$120000$8wwGap787leE$eRLaluMe5HxdTVQHaq1hsoOffp+ZFYQNbVFnPuTKy6E=", "last_login": "2018-11-18T14:07:59.781Z", "is_superuser": true, "username": "wx", "first_name": "", "last_name": "", "email": "", "is_staff": true, "is_active": true, "date_joined": "2018-10-11T01:07:19.578Z", "groups": [], "user_permissions": []}}, {"model": "auth.user", "pk": 6, "fields": {"password": "pbkdf2_sha256$120000$09zmtAHJ2ahV$yvw9lx+liT9TBjRf/MqiVXUcAVWDtiuii5zn29t3oao=", "last_login": "2018-11-18T14:08:29.846Z", "is_superuser": false, "username": "test_dj_wy", "first_name": "", "last_name": "", "email": "", "is_staff": true, "is_active": true, "date_joined": "2018-11-06T06:30:00Z", "groups": [1, 5], "user_permissions": []}}, {"model": "auth.user", "pk": 7, "fields": {"password": "pbkdf2_sha256$120000$pEcoOC921edc$/L3nMb2qpEGAD4lnpR8rYGIKhCmVowuE0rQswUFjMfE=", "last_login": "2018-11-13T14:02:29.935Z", "is_superuser": false, "username": "test_wl_wx", "first_name": "", "last_name": "", "email": "", "is_staff": true, "is_active": true, "date_joined": "2018-11-06T07:12:00Z", "groups": [1, 2], "user_permissions": []}}, {"model": "auth.user", "pk": 8, "fields": {"password": "pbkdf2_sha256$120000$EwDyYQ2eUFk1$8C1AUugpYc8qRz9HgVoUi3F51isZk6390q5W1mUoqnQ=", "last_login": "2018-11-18T16:52:41.481Z", "is_superuser": false, "username": "test_jsj_qzl", "first_name": "", "last_name": "", "email": "", "is_staff": false, "is_active": true, "date_joined": "2018-11-17T03:53:00Z", "groups": [3, 5], "user_permissions": []}}, {"model": "auth.user", "pk": 9, "fields": {"password": "pbkdf2_sha256$120000$9S23gQsWmGvg$TV4AY1DidwX/F3T46oE2Il2uz8uhJL9r5L3pgco8+TU=", "last_login": "2018-11-18T16:57:38.871Z", "is_superuser": false, "username": "test_qj_lyg", "first_name": "", "last_name": "", "email": "", "is_staff": false, "is_active": true, "date_joined": "2018-11-17T03:54:00Z", "groups": [4, 5], "user_permissions": []}}, {"model": "auth.user", "pk": 10, "fields": {"password": "pbkdf2_sha256$120000$m1wyk0177IxO$saCgarnFauGZ2mAP1aAR2wuZWWQkFqGk+U1QOX/UqFI=", "last_login": "2018-11-18T16:23:31.904Z", "is_superuser": false, "username": "test_wl_qw", "first_name": "", "last_name": "", "email": "", "is_staff": false, "is_active": true, "date_joined": "2018-11-17T03:55:00Z", "groups": [2, 5], "user_permissions": []}}, {"model": "notes.customer", "pk": 1, "fields": {"title": "\u84dd\u9e3d", "group": 1}}, {"model": "notes.customer", "pk": 2, "fields": {"title": "\u5fd7\u5411", "group": 1}}, {"model": "notes.customer", "pk": 7, "fields": {"title": "\u5927\u91d1", "group": 2}}, {"model": "notes.customer", "pk": 8, "fields": {"title": "\u7535\u6559\u6d4b\u8bd5\u5355\u4f4d1", "group": 1}}, {"model": "notes.customer", "pk": 9, "fields": {"title": "\u6d4b\u8bd5\u5355\u4f4d2", "group": 1}}, {"model": "notes.customer", "pk": 10, "fields": {"title": "\u7f51\u7edc\u90e8\u6d4b\u8bd5\u552e\u540e\u5355\u4f4d", "group": 2}}, {"model": "notes.customer", "pk": 11, "fields": {"title": "\u8ba1\u7b97\u673a\u90e8\u6d4b\u8bd5\u552e\u540e1", "group": 3}}, {"model": "notes.customer", "pk": 12, "fields": {"title": "\u6d4b\u8bd5\u5355\u4f4d1_\u7da6\u6c5f", "group": 4}}, {"model": "notes.notes", "pk": 1, "fields": {"date": "2018-10-25", "\u7c7b\u522b": 1, "\u578b\u53f7": 1, "\u6545\u969c\u63cf\u8ff0": "\u6ca1\u6709\u542f\u52a8", "\u4ef7\u683c": 525, "\u6570\u91cf": 1, "\u6559\u5ba4": "21\u8bed", "\u62a5\u8d26": false, "\u65b9\u5f0f": "\u6362\u65b0", "\u552e\u540e": 1, "\u72b6\u6001": "\u672a\u901a\u77e5\u552e\u540e", "\u901a\u77e5\u65f6\u95f4": null, "\u5230\u6821\u65f6\u95f4": null, "\u8fd4\u6821\u65f6\u95f4": null, "\u54cd\u5e94\u65f6\u95f4": null, "\u4fee\u590d\u65f6\u95f4": null, "\u62a5\u8d26\u65f6\u95f4": null, "\u5408\u8ba1": 525, "owner": 7}}, {"model": "notes.notes", "pk": 2, "fields": {"date": "2017-08-27", "\u7c7b\u522b": 1, "\u578b\u53f7": 1, "\u6545\u969c\u63cf\u8ff0": "2", "\u4ef7\u683c": 525, "\u6570\u91cf": 2, "\u6559\u5ba4": "22\u8bed\u300125\u8bed", "\u62a5\u8d26": true, "\u65b9\u5f0f": "\u6362\u7535\u6e90", "\u552e\u540e": 1, "\u72b6\u6001": "\u672a\u901a\u77e5\u552e\u540e", "\u901a\u77e5\u65f6\u95f4": null, "\u5230\u6821\u65f6\u95f4": null, "\u8fd4\u6821\u65f6\u95f4": null, "\u54cd\u5e94\u65f6\u95f4": null, "\u4fee\u590d\u65f6\u95f4": null, "\u62a5\u8d26\u65f6\u95f4": 1, "\u5408\u8ba1": 1050, "owner": 7}}, {"model": "notes.notes", "pk": 3, "fields": {"date": "2017-10-09", "\u7c7b\u522b": 1, "\u578b\u53f7": 1, "\u6545\u969c\u63cf\u8ff0": "2", "\u4ef7\u683c": 525, "\u6570\u91cf": 1, "\u6559\u5ba4": "23\u8bed", "\u62a5\u8d26": true, "\u65b9\u5f0f": "\u6362\u7535\u6e90", "\u552e\u540e": 1, "\u72b6\u6001": "\u672a\u901a\u77e5\u552e\u540e", "\u901a\u77e5\u65f6\u95f4": null, "\u5230\u6821\u65f6\u95f4": null, "\u8fd4\u6821\u65f6\u95f4": null, "\u54cd\u5e94\u65f6\u95f4": null, "\u4fee\u590d\u65f6\u95f4": null, "\u62a5\u8d26\u65f6\u95f4": 1, "\u5408\u8ba1": 525, "owner": 7}}, {"model": "notes.notes", "pk": 4, "fields": {"date": "2018-03-01", "\u7c7b\u522b": 1, "\u578b\u53f7": 1, "\u6545\u969c\u63cf\u8ff0": "2", "\u4ef7\u683c": 525, "\u6570\u91cf": 1, "\u6559\u5ba4": "26\u8bed", "\u62a5\u8d26": true, "\u65b9\u5f0f": "\u6362\u7535\u6e90", "\u552e\u540e": 1, "\u72b6\u6001": "\u672a\u901a\u77e5\u552e\u540e", "\u901a\u77e5\u65f6\u95f4": null, "\u5230\u6821\u65f6\u95f4": null, "\u8fd4\u6821\u65f6\u95f4": null, "\u54cd\u5e94\u65f6\u95f4": null, "\u4fee\u590d\u65f6\u95f4": null, "\u62a5\u8d26\u65f6\u95f4": 1, "\u5408\u8ba1": 525, "owner": 7}}, {"model": "notes.notes", "pk": 5, "fields": {"date": "2018-04-18", "\u7c7b\u522b": 2, "\u578b\u53f7": 2, "\u6545\u969c\u63cf\u8ff0": "6", "\u4ef7\u683c": 290, "\u6570\u91cf": 1, "\u6559\u5ba4": "2\u8bed", "\u62a5\u8d26": true, "\u65b9\u5f0f": "\u6362\u65b0", "\u552e\u540e": 1, "\u72b6\u6001": "\u672a\u901a\u77e5\u552e\u540e", "\u901a\u77e5\u65f6\u95f4": null, "\u5230\u6821\u65f6\u95f4": null, "\u8fd4\u6821\u65f6\u95f4": null, "\u54cd\u5e94\u65f6\u95f4": null, "\u4fee\u590d\u65f6\u95f4": null, "\u62a5\u8d26\u65f6\u95f4": 1, "\u5408\u8ba1": 290, "owner": 6}}, {"model": "notes.notes", "pk": 6, "fields": {"date": "2018-04-18", "\u7c7b\u522b": 1, "\u578b\u53f7": 1, "\u6545\u969c\u63cf\u8ff0": "2", "\u4ef7\u683c": 525, "\u6570\u91cf": 2, "\u6559\u5ba4": "1\u8bed\u300120\u8bed", "\u62a5\u8d26": true, "\u65b9\u5f0f": "\u6362\u7535\u6e90", "\u552e\u540e": 1, "\u72b6\u6001": "\u672a\u901a\u77e5\u552e\u540e", "\u901a\u77e5\u65f6\u95f4": null, "\u5230\u6821\u65f6\u95f4": null, "\u8fd4\u6821\u65f6\u95f4": null, "\u54cd\u5e94\u65f6\u95f4": null, "\u4fee\u590d\u65f6\u95f4": null, "\u62a5\u8d26\u65f6\u95f4": 1, "\u5408\u8ba1": 1050, "owner": 6}}, {"model": "notes.notes", "pk": 7, "fields": {"date": "2018-06-13", "\u7c7b\u522b": 1, "\u578b\u53f7": 1, "\u6545\u969c\u63cf\u8ff0": "2", "\u4ef7\u683c": 525, "\u6570\u91cf": 2, "\u6559\u5ba4": "2\u8bed\u300124\u8bed", "\u62a5\u8d26": true, "\u65b9\u5f0f": "\u6362\u7535\u6e90", "\u552e\u540e": 1, "\u72b6\u6001": "\u672a\u901a\u77e5\u552e\u540e", "\u901a\u77e5\u65f6\u95f4": null, "\u5230\u6821\u65f6\u95f4": null, "\u8fd4\u6821\u65f6\u95f4": null, "\u54cd\u5e94\u65f6\u95f4": null, "\u4fee\u590d\u65f6\u95f4": null, "\u62a5\u8d26\u65f6\u95f4": 1, "\u5408\u8ba1": 1050, "owner": 6}}, {"model": "notes.notes", "pk": 8, "fields": {"date": "2018-08-28", "\u7c7b\u522b": 1, "\u578b\u53f7": 1, "\u6545\u969c\u63cf\u8ff0": "2", "\u4ef7\u683c": 525, "\u6570\u91cf": 2, "\u6559\u5ba4": "21\u8bed\u300125\u8bed", "\u62a5\u8d26": true, "\u65b9\u5f0f": "\u6362\u7535\u6e90", "\u552e\u540e": 1, "\u72b6\u6001": "\u672a\u901a\u77e5\u552e\u540e", "\u901a\u77e5\u65f6\u95f4": null, "\u5230\u6821\u65f6\u95f4": null, "\u8fd4\u6821\u65f6\u95f4": null, "\u54cd\u5e94\u65f6\u95f4": null, "\u4fee\u590d\u65f6\u95f4": null, "\u62a5\u8d26\u65f6\u95f4": 1, "\u5408\u8ba1": 1050, "owner": 7}}, {"model": "notes.notes", "pk": 9, "fields": {"date": "2018-08-28", "\u7c7b\u522b": 3, "\u578b\u53f7": 3, "\u6545\u969c\u63cf\u8ff0": "7", "\u4ef7\u683c": 850, "\u6570\u91cf": 2, "\u6559\u5ba4": "20\u8bed\u300121\u8bed", "\u62a5\u8d26": true, "\u65b9\u5f0f": "\u6362\u65b0", "\u552e\u540e": 1, "\u72b6\u6001": "\u672a\u901a\u77e5\u552e\u540e", "\u901a\u77e5\u65f6\u95f4": null, "\u5230\u6821\u65f6\u95f4": null, "\u8fd4\u6821\u65f6\u95f4": null, "\u54cd\u5e94\u65f6\u95f4": null, "\u4fee\u590d\u65f6\u95f4": null, "\u62a5\u8d26\u65f6\u95f4": 1, "\u5408\u8ba1": 1700, "owner": 7}}, {"model": "notes.notes", "pk": 10, "fields": {"date": "2018-09-03", "\u7c7b\u522b": 2, "\u578b\u53f7": 2, "\u6545\u969c\u63cf\u8ff0": "6", "\u4ef7\u683c": 290, "\u6570\u91cf": 1, "\u6559\u5ba4": "4\u8bed", "\u62a5\u8d26": true, "\u65b9\u5f0f": "\u6362\u65b0", "\u552e\u540e": 1, "\u72b6\u6001": "\u672a\u901a\u77e5\u552e\u540e", "\u901a\u77e5\u65f6\u95f4": null, "\u5230\u6821\u65f6\u95f4": null, "\u8fd4\u6821\u65f6\u95f4": null, "\u54cd\u5e94\u65f6\u95f4": null, "\u4fee\u590d\u65f6\u95f4": null, "\u62a5\u8d26\u65f6\u95f4": 1, "\u5408\u8ba1": 290, "owner": 6}}, {"model": "notes.notes", "pk": 11, "fields": {"date": "2018-09-03", "\u7c7b\u522b": 1, "\u578b\u53f7": 1, "\u6545\u969c\u63cf\u8ff0": "2", "\u4ef7\u683c": 525, "\u6570\u91cf": 1, "\u6559\u5ba4": "1\u8bed", "\u62a5\u8d26": true, "\u65b9\u5f0f": "\u6362\u7535\u6e90", "\u552e\u540e": 1, "\u72b6\u6001": "\u672a\u901a\u77e5\u552e\u540e", "\u901a\u77e5\u65f6\u95f4": null, "\u5230\u6821\u65f6\u95f4": null, "\u8fd4\u6821\u65f6\u95f4": null, "\u54cd\u5e94\u65f6\u95f4": null, "\u4fee\u590d\u65f6\u95f4": null, "\u62a5\u8d26\u65f6\u95f4": 1, "\u5408\u8ba1": 525, "owner": 6}}, {"model": "notes.notes", "pk": 12, "fields": {"date": "2018-10-10", "\u7c7b\u522b": 4, "\u578b\u53f7": 4, "\u6545\u969c\u63cf\u8ff0": "3", "\u4ef7\u683c": 336, "\u6570\u91cf": 1, "\u6559\u5ba4": "22\u8bed", "\u62a5\u8d26": true, "\u65b9\u5f0f": "\u8d2d\u65b0", "\u552e\u540e": 1, "\u72b6\u6001": "\u672a\u901a\u77e5\u552e\u540e", "\u901a\u77e5\u65f6\u95f4": null, "\u5230\u6821\u65f6\u95f4": null, "\u8fd4\u6821\u65f6\u95f4": null, "\u54cd\u5e94\u65f6\u95f4": null, "\u4fee\u590d\u65f6\u95f4": null, "\u62a5\u8d26\u65f6\u95f4": 1, "\u5408\u8ba1": 336, "owner": 7}}, {"model": "notes.notes", "pk": 13, "fields": {"date": "2018-09-03", "\u7c7b\u522b": 5, "\u578b\u53f7": 5, "\u6545\u969c\u63cf\u8ff0": "5", "\u4ef7\u683c": 180, "\u6570\u91cf": 8, "\u6559\u5ba4": "\u6559\u5ba4\u4f4d\u7f6eIA212--IA219", "\u62a5\u8d26": true, "\u65b9\u5f0f": "\u5149\u8def\u9664\u5c18", "\u552e\u540e": 2, "\u72b6\u6001": "\u672a\u901a\u77e5\u552e\u540e", "\u901a\u77e5\u65f6\u95f4": null, "\u5230\u6821\u65f6\u95f4": null, "\u8fd4\u6821\u65f6\u95f4": null, "\u54cd\u5e94\u65f6\u95f4": null, "\u4fee\u590d\u65f6\u95f4": null, "\u62a5\u8d26\u65f6\u95f4": 2, "\u5408\u8ba1": 1440, "owner": 6}}, {"model": "notes.notes", "pk": 14, "fields": {"date": "2018-09-03", "\u7c7b\u522b": 5, "\u578b\u53f7": 5, "\u6545\u969c\u63cf\u8ff0": "5", "\u4ef7\u683c": 1500, "\u6570\u91cf": 3, "\u6559\u5ba4": "IA215\uff0cIA216\uff0cIA219", "\u62a5\u8d26": true, "\u65b9\u5f0f": "\u6295\u5f71\u673a\u706f\u6ce1", "\u552e\u540e": 2, "\u72b6\u6001": "\u672a\u901a\u77e5\u552e\u540e", "\u901a\u77e5\u65f6\u95f4": null, "\u5230\u6821\u65f6\u95f4": null, "\u8fd4\u6821\u65f6\u95f4": null, "\u54cd\u5e94\u65f6\u95f4": null, "\u4fee\u590d\u65f6\u95f4": null, "\u62a5\u8d26\u65f6\u95f4": 2, "\u5408\u8ba1": 4500, "owner": 6}}, {"model": "notes.notes", "pk": 15, "fields": {"date": "2018-09-03", "\u7c7b\u522b": 5, "\u578b\u53f7": 5, "\u6545\u969c\u63cf\u8ff0": "5", "\u4ef7\u683c": 1500, "\u6570\u91cf": 2, "\u6559\u5ba4": "IA214  \u2160A412", "\u62a5\u8d26": true, "\u65b9\u5f0f": "DMD\u82af\u7247", "\u552e\u540e": 2, "\u72b6\u6001": "\u672a\u901a\u77e5\u552e\u540e", "\u901a\u77e5\u65f6\u95f4": null, "\u5230\u6821\u65f6\u95f4": null, "\u8fd4\u6821\u65f6\u95f4": null, "\u54cd\u5e94\u65f6\u95f4": null, "\u4fee\u590d\u65f6\u95f4": null, "\u62a5\u8d26\u65f6\u95f4": 2, "\u5408\u8ba1": 3000, "owner": 6}}, {"model": "notes.notes", "pk": 16, "fields": {"date": "2018-09-14", "\u7c7b\u522b": 5, "\u578b\u53f7": 6, "\u6545\u969c\u63cf\u8ff0": "1", "\u4ef7\u683c": 890, "\u6570\u91cf": 3, "\u6559\u5ba4": "IIB113  IIB112  IA308", "\u62a5\u8d26": true, "\u65b9\u5f0f": "\u7535\u6e90\u677f", "\u552e\u540e": 2, "\u72b6\u6001": "\u672a\u901a\u77e5\u552e\u540e", "\u901a\u77e5\u65f6\u95f4": null, "\u5230\u6821\u65f6\u95f4": null, "\u8fd4\u6821\u65f6\u95f4": null, "\u54cd\u5e94\u65f6\u95f4": null, "\u4fee\u590d\u65f6\u95f4": null, "\u62a5\u8d26\u65f6\u95f4": 2, "\u5408\u8ba1": 2670, "owner": 6}}, {"model": "notes.notes", "pk": 17, "fields": {"date": "2018-09-19", "\u7c7b\u522b": 5, "\u578b\u53f7": 7, "\u6545\u969c\u63cf\u8ff0": "1", "\u4ef7\u683c": 780, "\u6570\u91cf": 1, "\u6559\u5ba4": "\u2161B212", "\u62a5\u8d26": true, "\u65b9\u5f0f": "\u7535\u6e90\u677f", "\u552e\u540e": 2, "\u72b6\u6001": "\u672a\u901a\u77e5\u552e\u540e", "\u901a\u77e5\u65f6\u95f4": null, "\u5230\u6821\u65f6\u95f4": null, "\u8fd4\u6821\u65f6\u95f4": null, "\u54cd\u5e94\u65f6\u95f4": null, "\u4fee\u590d\u65f6\u95f4": null, "\u62a5\u8d26\u65f6\u95f4": 2, "\u5408\u8ba1": 780, "owner": 6}}, {"model": "notes.notes", "pk": 18, "fields": {"date": "2018-09-19", "\u7c7b\u522b": 5, "\u578b\u53f7": 6, "\u6545\u969c\u63cf\u8ff0": "4", "\u4ef7\u683c": 780, "\u6570\u91cf": 1, "\u6559\u5ba4": "\u2161B110", "\u62a5\u8d26": true, "\u65b9\u5f0f": "\u6295\u5f71\u673a\u8272\u8f6e", "\u552e\u540e": 2, "\u72b6\u6001": "\u672a\u901a\u77e5\u552e\u540e", "\u901a\u77e5\u65f6\u95f4": null, "\u5230\u6821\u65f6\u95f4": null, "\u8fd4\u6821\u65f6\u95f4": null, "\u54cd\u5e94\u65f6\u95f4": null, "\u4fee\u590d\u65f6\u95f4": null, "\u62a5\u8d26\u65f6\u95f4": 2, "\u5408\u8ba1": 780, "owner": 6}}, {"model": "notes.notes", "pk": 23, "fields": {"date": "2018-11-07", "\u7c7b\u522b": 4, "\u578b\u53f7": 4, "\u6545\u969c\u63cf\u8ff0": "\u6ca1\u6709\u542f\u52a8", "\u4ef7\u683c": 0, "\u6570\u91cf": 1, "\u6559\u5ba4": "22\u8bed", "\u62a5\u8d26": false, "\u65b9\u5f0f": "\u4fdd\u5185\uff0c\u5df2\u66f4\u6362", "\u552e\u540e": 1, "\u72b6\u6001": "\u8bbe\u5907\u5df2\u4fee\u590d", "\u901a\u77e5\u65f6\u95f4": "2018-11-07", "\u5230\u6821\u65f6\u95f4": "2018-11-07", "\u8fd4\u6821\u65f6\u95f4": "2018-11-08", "\u54cd\u5e94\u65f6\u95f4": "00:00:00", "\u4fee\u590d\u65f6\u95f4": "1 00:00:00", "\u62a5\u8d26\u65f6\u95f4": null, "\u5408\u8ba1": 0, "owner": 7}}, {"model": "notes.notes", "pk": 26, "fields": {"date": "2018-11-18", "\u7c7b\u522b": 7, "\u578b\u53f7": 9, "\u6545\u969c\u63cf\u8ff0": "111", "\u4ef7\u683c": 1, "\u6570\u91cf": 1, "\u6559\u5ba4": "12", "\u62a5\u8d26": true, "\u65b9\u5f0f": "111", "\u552e\u540e": 8, "\u72b6\u6001": "\u672a\u901a\u77e5\u552e\u540e", "\u901a\u77e5\u65f6\u95f4": null, "\u5230\u6821\u65f6\u95f4": null, "\u8fd4\u6821\u65f6\u95f4": null, "\u54cd\u5e94\u65f6\u95f4": null, "\u4fee\u590d\u65f6\u95f4": null, "\u62a5\u8d26\u65f6\u95f4": 10, "\u5408\u8ba1": 1, "owner": 6}}, {"model": "notes.notes", "pk": 27, "fields": {"date": "2018-11-18", "\u7c7b\u522b": 7, "\u578b\u53f7": 9, "\u6545\u969c\u63cf\u8ff0": "12", "\u4ef7\u683c": 111, "\u6570\u91cf": 1, "\u6559\u5ba4": "12", "\u62a5\u8d26": true, "\u65b9\u5f0f": "1", "\u552e\u540e": 8, "\u72b6\u6001": "\u672a\u901a\u77e5\u552e\u540e", "\u901a\u77e5\u65f6\u95f4": null, "\u5230\u6821\u65f6\u95f4": null, "\u8fd4\u6821\u65f6\u95f4": null, "\u54cd\u5e94\u65f6\u95f4": null, "\u4fee\u590d\u65f6\u95f4": null, "\u62a5\u8d26\u65f6\u95f4": 11, "\u5408\u8ba1": 111, "owner": 6}}, {"model": "notes.notes", "pk": 28, "fields": {"date": "2018-11-18", "\u7c7b\u522b": 7, "\u578b\u53f7": 9, "\u6545\u969c\u63cf\u8ff0": "111", "\u4ef7\u683c": 111, "\u6570\u91cf": 1, "\u6559\u5ba4": "1", "\u62a5\u8d26": true, "\u65b9\u5f0f": "1", "\u552e\u540e": 8, "\u72b6\u6001": "\u672a\u901a\u77e5\u552e\u540e", "\u901a\u77e5\u65f6\u95f4": null, "\u5230\u6821\u65f6\u95f4": null, "\u8fd4\u6821\u65f6\u95f4": null, "\u54cd\u5e94\u65f6\u95f4": null, "\u4fee\u590d\u65f6\u95f4": null, "\u62a5\u8d26\u65f6\u95f4": 10, "\u5408\u8ba1": 111, "owner": 6}}, {"model": "notes.notes", "pk": 30, "fields": {"date": "2018-11-18", "\u7c7b\u522b": 7, "\u578b\u53f7": 9, "\u6545\u969c\u63cf\u8ff0": "1111", "\u4ef7\u683c": 111, "\u6570\u91cf": 1, "\u6559\u5ba4": "1", "\u62a5\u8d26": false, "\u65b9\u5f0f": "1", "\u552e\u540e": 8, "\u72b6\u6001": "\u672a\u901a\u77e5\u552e\u540e", "\u901a\u77e5\u65f6\u95f4": null, "\u5230\u6821\u65f6\u95f4": null, "\u8fd4\u6821\u65f6\u95f4": null, "\u54cd\u5e94\u65f6\u95f4": null, "\u4fee\u590d\u65f6\u95f4": null, "\u62a5\u8d26\u65f6\u95f4": null, "\u5408\u8ba1": 111, "owner": 6}}, {"model": "notes.notes", "pk": 31, "fields": {"date": "2018-11-18", "\u7c7b\u522b": 8, "\u578b\u53f7": 10, "\u6545\u969c\u63cf\u8ff0": "111", "\u4ef7\u683c": 1111, "\u6570\u91cf": 1, "\u6559\u5ba4": "111", "\u62a5\u8d26": false, "\u65b9\u5f0f": "111", "\u552e\u540e": 10, "\u72b6\u6001": "\u672a\u901a\u77e5\u552e\u540e", "\u901a\u77e5\u65f6\u95f4": null, "\u5230\u6821\u65f6\u95f4": null, "\u8fd4\u6821\u65f6\u95f4": null, "\u54cd\u5e94\u65f6\u95f4": null, "\u4fee\u590d\u65f6\u95f4": null, "\u62a5\u8d26\u65f6\u95f4": null, "\u5408\u8ba1": 1111, "owner": 10}}, {"model": "notes.notes", "pk": 32, "fields": {"date": "2018-11-18", "\u7c7b\u522b": 9, "\u578b\u53f7": 11, "\u6545\u969c\u63cf\u8ff0": "111", "\u4ef7\u683c": 1111, "\u6570\u91cf": 1, "\u6559\u5ba4": "1", "\u62a5\u8d26": false, "\u65b9\u5f0f": "1", "\u552e\u540e": 11, "\u72b6\u6001": "\u672a\u901a\u77e5\u552e\u540e", "\u901a\u77e5\u65f6\u95f4": null, "\u5230\u6821\u65f6\u95f4": null, "\u8fd4\u6821\u65f6\u95f4": null, "\u54cd\u5e94\u65f6\u95f4": null, "\u4fee\u590d\u65f6\u95f4": null, "\u62a5\u8d26\u65f6\u95f4": null, "\u5408\u8ba1": 1111, "owner": 8}}, {"model": "notes.notes", "pk": 33, "fields": {"date": "2018-11-18", "\u7c7b\u522b": 10, "\u578b\u53f7": 12, "\u6545\u969c\u63cf\u8ff0": "1111", "\u4ef7\u683c": 1111, "\u6570\u91cf": 1, "\u6559\u5ba4": "111", "\u62a5\u8d26": false, "\u65b9\u5f0f": "1", "\u552e\u540e": 12, "\u72b6\u6001": "\u672a\u901a\u77e5\u552e\u540e", "\u901a\u77e5\u65f6\u95f4": null, "\u5230\u6821\u65f6\u95f4": null, "\u8fd4\u6821\u65f6\u95f4": null, "\u54cd\u5e94\u65f6\u95f4": null, "\u4fee\u590d\u65f6\u95f4": null, "\u62a5\u8d26\u65f6\u95f4": null, "\u5408\u8ba1": 1111, "owner": 9}}, {"model": "admin.logentry", "pk": 1, "fields": {"action_time": "2018-10-16T06:55:55.132Z", "user": 1, "content_type": 7, "object_id": "1", "object_repr": "Article object (1)", "action_flag": 1, "change_message": "[{\"added\": {}}]"}}, {"model": "admin.logentry", "pk": 2, "fields": {"action_time": "2018-10-17T07:37:03.679Z", "user": 1, "content_type": 7, "object_id": "1", "object_repr": "one", "action_flag": 2, "change_message": "[{\"changed\": {\"fields\": [\"content\", \"created_time\"]}}]"}}, {"model": "admin.logentry", "pk": 3, "fields": {"action_time": "2018-10-17T08:08:57.639Z", "user": 1, "content_type": 7, "object_id": "1", "object_repr": "one", "action_flag": 2, "change_message": "[{\"changed\": {\"fields\": [\"is_deleted\"]}}]"}}, {"model": "admin.logentry", "pk": 4, "fields": {"action_time": "2018-10-18T01:57:04.242Z", "user": 1, "content_type": 7, "object_id": "1", "object_repr": "one", "action_flag": 2, "change_message": "[{\"changed\": {\"fields\": [\"is_deleted\"]}}]"}}, {"model": "admin.logentry", "pk": 5, "fields": {"action_time": "2018-10-18T02:11:32.758Z", "user": 1, "content_type": 7, "object_id": "2", "object_repr": "two", "action_flag": 1, "change_message": "[{\"added\": {}}]"}}, {"model": "admin.logentry", "pk": 6, "fields": {"action_time": "2018-10-18T02:19:34.552Z", "user": 1, "content_type": 7, "object_id": "1", "object_repr": "one", "action_flag": 2, "change_message": "[{\"changed\": {\"fields\": [\"is_deleted\"]}}]"}}, {"model": "admin.logentry", "pk": 7, "fields": {"action_time": "2018-10-18T08:22:10.715Z", "user": 1, "content_type": 8, "object_id": "1", "object_repr": "django", "action_flag": 1, "change_message": "[{\"added\": {}}]"}}, {"model": "admin.logentry", "pk": 8, "fields": {"action_time": "2018-10-18T08:22:24.582Z", "user": 1, "content_type": 8, "object_id": "2", "object_repr": "\u5355\u7247\u673a", "action_flag": 1, "change_message": "[{\"added\": {}}]"}}, {"model": "admin.logentry", "pk": 9, "fields": {"action_time": "2018-10-18T08:23:04.567Z", "user": 1, "content_type": 9, "object_id": "1", "object_repr": "django\u6846\u67b6", "action_flag": 1, "change_message": "[{\"added\": {}}]"}}, {"model": "admin.logentry", "pk": 10, "fields": {"action_time": "2018-10-24T02:58:24.473Z", "user": 1, "content_type": 10, "object_id": "1", "object_repr": "\u5b66\u751f\u4ea4\u6362\u673a", "action_flag": 1, "change_message": "[{\"added\": {}}]"}}, {"model": "admin.logentry", "pk": 11, "fields": {"action_time": "2018-10-24T06:54:30.044Z", "user": 1, "content_type": 10, "object_id": "2", "object_repr": "\u5b66\u751f\u4ea4\u6362\u673a\uff08test\uff09", "action_flag": 1, "change_message": "[{\"added\": {}}]"}}, {"model": "admin.logentry", "pk": 12, "fields": {"action_time": "2018-10-24T06:55:21.837Z", "user": 1, "content_type": 10, "object_id": "2", "object_repr": "\u5b66\u751f\u4ea4\u6362\u673a\uff08test\uff09", "action_flag": 3, "change_message": ""}}, {"model": "admin.logentry", "pk": 13, "fields": {"action_time": "2018-10-24T07:06:57.898Z", "user": 1, "content_type": 10, "object_id": "1", "object_repr": "\u5b66\u751f\u4ea4\u6362\u673a", "action_flag": 2, "change_message": "[{\"changed\": {\"fields\": [\"\\u62a5\\u8d26\"]}}]"}}, {"model": "admin.logentry", "pk": 14, "fields": {"action_time": "2018-10-24T09:04:42.732Z", "user": 1, "content_type": 10, "object_id": "1", "object_repr": "\u5b66\u751f\u4ea4\u6362\u673a", "action_flag": 2, "change_message": "[{\"changed\": {\"fields\": [\"\\u62a5\\u8d26\"]}}]"}}, {"model": "admin.logentry", "pk": 15, "fields": {"action_time": "2018-10-24T09:06:05.859Z", "user": 1, "content_type": 10, "object_id": "3", "object_repr": "sdfsd", "action_flag": 1, "change_message": "[{\"added\": {}}]"}}, {"model": "admin.logentry", "pk": 16, "fields": {"action_time": "2018-10-24T09:06:41.739Z", "user": 1, "content_type": 10, "object_id": "3", "object_repr": "sdfsd", "action_flag": 2, "change_message": "[{\"changed\": {\"fields\": [\"\\u578b\\u53f7\", \"\\u62a5\\u8d26\"]}}]"}}, {"model": "admin.logentry", "pk": 17, "fields": {"action_time": "2018-10-24T11:34:59.847Z", "user": 1, "content_type": 10, "object_id": "3", "object_repr": "sdfsd", "action_flag": 3, "change_message": ""}}, {"model": "admin.logentry", "pk": 18, "fields": {"action_time": "2018-10-25T01:19:23.453Z", "user": 1, "content_type": 11, "object_id": "1", "object_repr": "\u5b66\u751f\u4ea4\u6362\u673aLBS05B", "action_flag": 1, "change_message": "[{\"added\": {}}]"}}, {"model": "admin.logentry", "pk": 19, "fields": {"action_time": "2018-10-25T01:55:52.739Z", "user": 1, "content_type": 11, "object_id": "1", "object_repr": "\u5b66\u751f\u4ea4\u6362\u673aLBS05B", "action_flag": 2, "change_message": "[]"}}, {"model": "admin.logentry", "pk": 20, "fields": {"action_time": "2018-10-25T01:58:11.467Z", "user": 1, "content_type": 10, "object_id": "1", "object_repr": "Notes object (1)", "action_flag": 2, "change_message": "[]"}}, {"model": "admin.logentry", "pk": 21, "fields": {"action_time": "2018-10-25T06:55:29.930Z", "user": 1, "content_type": 12, "object_id": "1", "object_repr": "LBS05B", "action_flag": 1, "change_message": "[{\"added\": {}}]"}}, {"model": "admin.logentry", "pk": 22, "fields": {"action_time": "2018-10-25T06:55:43.165Z", "user": 1, "content_type": 11, "object_id": "1", "object_repr": "\u5b66\u751f\u4ea4\u6362\u673a", "action_flag": 2, "change_message": "[{\"changed\": {\"fields\": [\"\\u8bbe\\u5907\\u7c7b\\u578b\"]}}]"}}, {"model": "admin.logentry", "pk": 23, "fields": {"action_time": "2018-10-25T06:56:39.149Z", "user": 1, "content_type": 10, "object_id": "1", "object_repr": "\u5b66\u751f\u4ea4\u6362\u673a", "action_flag": 2, "change_message": "[]"}}, {"model": "admin.logentry", "pk": 24, "fields": {"action_time": "2018-10-25T07:26:06.538Z", "user": 1, "content_type": 10, "object_id": "2", "object_repr": "\u5b66\u751f\u4ea4\u6362\u673a", "action_flag": 1, "change_message": "[{\"added\": {}}]"}}, {"model": "admin.logentry", "pk": 25, "fields": {"action_time": "2018-10-25T07:27:18.590Z", "user": 1, "content_type": 10, "object_id": "3", "object_repr": "\u5b66\u751f\u4ea4\u6362\u673a", "action_flag": 1, "change_message": "[{\"added\": {}}]"}}, {"model": "admin.logentry", "pk": 26, "fields": {"action_time": "2018-10-25T07:28:40.515Z", "user": 1, "content_type": 10, "object_id": "4", "object_repr": "\u5b66\u751f\u4ea4\u6362\u673a", "action_flag": 1, "change_message": "[{\"added\": {}}]"}}, {"model": "admin.logentry", "pk": 27, "fields": {"action_time": "2018-10-25T07:29:16.665Z", "user": 1, "content_type": 11, "object_id": "2", "object_repr": "\u5b66\u751f\u7ec8\u7aef", "action_flag": 1, "change_message": "[{\"added\": {}}]"}}, {"model": "admin.logentry", "pk": 28, "fields": {"action_time": "2018-10-25T07:29:43.591Z", "user": 1, "content_type": 12, "object_id": "2", "object_repr": "LBD05C", "action_flag": 1, "change_message": "[{\"added\": {}}]"}}, {"model": "admin.logentry", "pk": 29, "fields": {"action_time": "2018-10-25T07:30:40.783Z", "user": 1, "content_type": 10, "object_id": "5", "object_repr": "\u5b66\u751f\u7ec8\u7aef", "action_flag": 1, "change_message": "[{\"added\": {}}]"}}, {"model": "admin.logentry", "pk": 30, "fields": {"action_time": "2018-10-25T07:31:47.676Z", "user": 1, "content_type": 10, "object_id": "6", "object_repr": "\u5b66\u751f\u4ea4\u6362\u673a", "action_flag": 1, "change_message": "[{\"added\": {}}]"}}, {"model": "admin.logentry", "pk": 31, "fields": {"action_time": "2018-10-25T07:33:00.397Z", "user": 1, "content_type": 10, "object_id": "7", "object_repr": "\u5b66\u751f\u4ea4\u6362\u673a", "action_flag": 1, "change_message": "[{\"added\": {}}]"}}, {"model": "admin.logentry", "pk": 32, "fields": {"action_time": "2018-10-25T07:34:06.122Z", "user": 1, "content_type": 10, "object_id": "8", "object_repr": "\u5b66\u751f\u4ea4\u6362\u673a", "action_flag": 1, "change_message": "[{\"added\": {}}]"}}, {"model": "admin.logentry", "pk": 33, "fields": {"action_time": "2018-10-25T07:34:48.092Z", "user": 1, "content_type": 11, "object_id": "3", "object_repr": "\u8bed\u97f3\u5361", "action_flag": 1, "change_message": "[{\"added\": {}}]"}}, {"model": "admin.logentry", "pk": 34, "fields": {"action_time": "2018-10-25T07:35:21.449Z", "user": 1, "content_type": 12, "object_id": "3", "object_repr": "LBD203F", "action_flag": 1, "change_message": "[{\"added\": {}}]"}}, {"model": "admin.logentry", "pk": 35, "fields": {"action_time": "2018-10-25T07:35:55.261Z", "user": 1, "content_type": 10, "object_id": "9", "object_repr": "\u8bed\u97f3\u5361", "action_flag": 1, "change_message": "[{\"added\": {}}]"}}, {"model": "admin.logentry", "pk": 36, "fields": {"action_time": "2018-10-25T07:36:53.278Z", "user": 1, "content_type": 10, "object_id": "10", "object_repr": "\u5b66\u751f\u7ec8\u7aef", "action_flag": 1, "change_message": "[{\"added\": {}}]"}}, {"model": "admin.logentry", "pk": 37, "fields": {"action_time": "2018-10-25T07:37:44.225Z", "user": 1, "content_type": 10, "object_id": "11", "object_repr": "\u5b66\u751f\u4ea4\u6362\u673a", "action_flag": 1, "change_message": "[{\"added\": {}}]"}}, {"model": "admin.logentry", "pk": 38, "fields": {"action_time": "2018-10-25T07:38:16.336Z", "user": 1, "content_type": 11, "object_id": "4", "object_repr": "VGA\u5206\u914d\u5668", "action_flag": 1, "change_message": "[{\"added\": {}}]"}}, {"model": "admin.logentry", "pk": 39, "fields": {"action_time": "2018-10-25T07:38:37.489Z", "user": 1, "content_type": 12, "object_id": "4", "object_repr": "VGA-8A", "action_flag": 1, "change_message": "[{\"added\": {}}]"}}, {"model": "admin.logentry", "pk": 40, "fields": {"action_time": "2018-10-25T07:39:07.135Z", "user": 1, "content_type": 10, "object_id": "12", "object_repr": "VGA\u5206\u914d\u5668", "action_flag": 1, "change_message": "[{\"added\": {}}]"}}, {"model": "admin.logentry", "pk": 41, "fields": {"action_time": "2018-10-25T07:39:17.548Z", "user": 1, "content_type": 10, "object_id": "8", "object_repr": "\u5b66\u751f\u4ea4\u6362\u673a", "action_flag": 2, "change_message": "[{\"changed\": {\"fields\": [\"\\u62a5\\u8d26\"]}}]"}}, {"model": "admin.logentry", "pk": 42, "fields": {"action_time": "2018-10-31T01:22:29.216Z", "user": 1, "content_type": 14, "object_id": "1", "object_repr": "2017-2018\u4e0b\u5b66\u5e74", "action_flag": 1, "change_message": "[{\"added\": {}}]"}}, {"model": "admin.logentry", "pk": 43, "fields": {"action_time": "2018-10-31T01:24:16.776Z", "user": 1, "content_type": 13, "object_id": "1", "object_repr": "\u84dd\u9e3d", "action_flag": 1, "change_message": "[{\"added\": {}}]"}}, {"model": "admin.logentry", "pk": 44, "fields": {"action_time": "2018-10-31T01:34:54.925Z", "user": 1, "content_type": 10, "object_id": "1", "object_repr": "\u5b66\u751f\u4ea4\u6362\u673a", "action_flag": 2, "change_message": "[{\"changed\": {\"fields\": [\"\\u65b9\\u5f0f\", \"\\u62a5\\u8d26\\u65f6\\u95f4\"]}}]"}}, {"model": "admin.logentry", "pk": 45, "fields": {"action_time": "2018-10-31T01:37:20.840Z", "user": 1, "content_type": 10, "object_id": "12", "object_repr": "VGA\u5206\u914d\u5668", "action_flag": 2, "change_message": "[{\"changed\": {\"fields\": [\"\\u65b9\\u5f0f\"]}}]"}}, {"model": "admin.logentry", "pk": 46, "fields": {"action_time": "2018-10-31T01:53:17.066Z", "user": 1, "content_type": 10, "object_id": "10", "object_repr": "\u5b66\u751f\u7ec8\u7aef", "action_flag": 2, "change_message": "[{\"changed\": {\"fields\": [\"\\u65b9\\u5f0f\"]}}]"}}, {"model": "admin.logentry", "pk": 47, "fields": {"action_time": "2018-10-31T01:53:38.550Z", "user": 1, "content_type": 10, "object_id": "9", "object_repr": "\u8bed\u97f3\u5361", "action_flag": 2, "change_message": "[{\"changed\": {\"fields\": [\"\\u65b9\\u5f0f\"]}}]"}}, {"model": "admin.logentry", "pk": 48, "fields": {"action_time": "2018-10-31T01:54:00.269Z", "user": 1, "content_type": 10, "object_id": "8", "object_repr": "\u5b66\u751f\u4ea4\u6362\u673a", "action_flag": 2, "change_message": "[{\"changed\": {\"fields\": [\"\\u65b9\\u5f0f\"]}}]"}}, {"model": "admin.logentry", "pk": 49, "fields": {"action_time": "2018-10-31T01:54:14.132Z", "user": 1, "content_type": 10, "object_id": "7", "object_repr": "\u5b66\u751f\u4ea4\u6362\u673a", "action_flag": 2, "change_message": "[{\"changed\": {\"fields\": [\"\\u65b9\\u5f0f\"]}}]"}}, {"model": "admin.logentry", "pk": 50, "fields": {"action_time": "2018-10-31T01:55:16.441Z", "user": 1, "content_type": 10, "object_id": "11", "object_repr": "\u5b66\u751f\u4ea4\u6362\u673a", "action_flag": 2, "change_message": "[{\"changed\": {\"fields\": [\"\\u65b9\\u5f0f\"]}}]"}}, {"model": "admin.logentry", "pk": 51, "fields": {"action_time": "2018-10-31T01:55:35.952Z", "user": 1, "content_type": 10, "object_id": "6", "object_repr": "\u5b66\u751f\u4ea4\u6362\u673a", "action_flag": 2, "change_message": "[{\"changed\": {\"fields\": [\"\\u65b9\\u5f0f\"]}}]"}}, {"model": "admin.logentry", "pk": 52, "fields": {"action_time": "2018-10-31T01:55:45.881Z", "user": 1, "content_type": 10, "object_id": "5", "object_repr": "\u5b66\u751f\u7ec8\u7aef", "action_flag": 2, "change_message": "[{\"changed\": {\"fields\": [\"\\u65b9\\u5f0f\"]}}]"}}, {"model": "admin.logentry", "pk": 53, "fields": {"action_time": "2018-10-31T01:56:11.327Z", "user": 1, "content_type": 10, "object_id": "4", "object_repr": "\u5b66\u751f\u4ea4\u6362\u673a", "action_flag": 2, "change_message": "[{\"changed\": {\"fields\": [\"\\u65b9\\u5f0f\"]}}]"}}, {"model": "admin.logentry", "pk": 54, "fields": {"action_time": "2018-10-31T01:56:18.914Z", "user": 1, "content_type": 10, "object_id": "3", "object_repr": "\u5b66\u751f\u4ea4\u6362\u673a", "action_flag": 2, "change_message": "[{\"changed\": {\"fields\": [\"\\u65b9\\u5f0f\"]}}]"}}, {"model": "admin.logentry", "pk": 55, "fields": {"action_time": "2018-10-31T01:56:26.770Z", "user": 1, "content_type": 10, "object_id": "2", "object_repr": "\u5b66\u751f\u4ea4\u6362\u673a", "action_flag": 2, "change_message": "[{\"changed\": {\"fields\": [\"\\u65b9\\u5f0f\"]}}]"}}, {"model": "admin.logentry", "pk": 56, "fields": {"action_time": "2018-10-31T02:24:06.411Z", "user": 1, "content_type": 11, "object_id": "5", "object_repr": "\u6295\u5f71\u673a", "action_flag": 1, "change_message": "[{\"added\": {}}]"}}, {"model": "admin.logentry", "pk": 57, "fields": {"action_time": "2018-10-31T02:24:28.337Z", "user": 1, "content_type": 12, "object_id": "5", "object_repr": "\u4e09\u83f1GX-545", "action_flag": 1, "change_message": "[{\"added\": {}}]"}}, {"model": "admin.logentry", "pk": 58, "fields": {"action_time": "2018-10-31T02:26:09.970Z", "user": 1, "content_type": 13, "object_id": "2", "object_repr": "\u5fd7\u5411", "action_flag": 1, "change_message": "[{\"added\": {}}]"}}, {"model": "admin.logentry", "pk": 59, "fields": {"action_time": "2018-10-31T02:27:56.148Z", "user": 1, "content_type": 14, "object_id": "2", "object_repr": "2018-10-17", "action_flag": 1, "change_message": "[{\"added\": {}}]"}}, {"model": "admin.logentry", "pk": 60, "fields": {"action_time": "2018-10-31T02:28:03.244Z", "user": 1, "content_type": 10, "object_id": "13", "object_repr": "\u6295\u5f71\u673a", "action_flag": 1, "change_message": "[{\"added\": {}}]"}}, {"model": "admin.logentry", "pk": 61, "fields": {"action_time": "2018-10-31T02:29:05.383Z", "user": 1, "content_type": 10, "object_id": "14", "object_repr": "\u6295\u5f71\u673a", "action_flag": 1, "change_message": "[{\"added\": {}}]"}}, {"model": "admin.logentry", "pk": 62, "fields": {"action_time": "2018-10-31T02:30:21.834Z", "user": 1, "content_type": 10, "object_id": "15", "object_repr": "\u6295\u5f71\u673a", "action_flag": 1, "change_message": "[{\"added\": {}}]"}}, {"model": "admin.logentry", "pk": 63, "fields": {"action_time": "2018-10-31T02:31:08.084Z", "user": 1, "content_type": 12, "object_id": "6", "object_repr": "\u4e09\u83f1GX-565", "action_flag": 1, "change_message": "[{\"added\": {}}]"}}, {"model": "admin.logentry", "pk": 64, "fields": {"action_time": "2018-10-31T02:31:47.535Z", "user": 1, "content_type": 10, "object_id": "16", "object_repr": "\u6295\u5f71\u673a", "action_flag": 1, "change_message": "[{\"added\": {}}]"}}, {"model": "admin.logentry", "pk": 65, "fields": {"action_time": "2018-10-31T02:32:28.050Z", "user": 1, "content_type": 12, "object_id": "7", "object_repr": "\u590f\u666eXG-E2610XA", "action_flag": 1, "change_message": "[{\"added\": {}}]"}}, {"model": "admin.logentry", "pk": 66, "fields": {"action_time": "2018-10-31T02:32:54.439Z", "user": 1, "content_type": 10, "object_id": "17", "object_repr": "\u6295\u5f71\u673a", "action_flag": 1, "change_message": "[{\"added\": {}}]"}}, {"model": "admin.logentry", "pk": 67, "fields": {"action_time": "2018-10-31T02:33:31.449Z", "user": 1, "content_type": 12, "object_id": "8", "object_repr": "\u4e09\u83f1GX-565", "action_flag": 1, "change_message": "[{\"added\": {}}]"}}, {"model": "admin.logentry", "pk": 68, "fields": {"action_time": "2018-10-31T02:34:09.872Z", "user": 1, "content_type": 12, "object_id": "8", "object_repr": "\u4e09\u83f1GX-565", "action_flag": 3, "change_message": ""}}, {"model": "admin.logentry", "pk": 69, "fields": {"action_time": "2018-10-31T02:34:37.871Z", "user": 1, "content_type": 10, "object_id": "18", "object_repr": "\u6295\u5f71\u673a", "action_flag": 1, "change_message": "[{\"added\": {}}]"}}, {"model": "admin.logentry", "pk": 70, "fields": {"action_time": "2018-11-01T08:28:37.319Z", "user": 1, "content_type": 14, "object_id": "2", "object_repr": "2018-10-17", "action_flag": 2, "change_message": "[{\"changed\": {\"fields\": [\"title\"]}}]"}}, {"model": "admin.logentry", "pk": 71, "fields": {"action_time": "2018-11-01T08:29:01.335Z", "user": 1, "content_type": 14, "object_id": "1", "object_repr": "2018-10-18", "action_flag": 2, "change_message": "[{\"changed\": {\"fields\": [\"title\"]}}]"}}, {"model": "admin.logentry", "pk": 72, "fields": {"action_time": "2018-11-03T14:03:19.346Z", "user": 1, "content_type": 9, "object_id": "20054", "object_repr": "\u8fd9\u662f\u5927\u91cf\u6d4b\u8bd5\u7b2c20000\u7bc7", "action_flag": 3, "change_message": ""}}, {"model": "admin.logentry", "pk": 73, "fields": {"action_time": "2018-11-03T14:03:19.361Z", "user": 1, "content_type": 9, "object_id": "20053", "object_repr": "\u8fd9\u662f\u5927\u91cf\u6d4b\u8bd5\u7b2c19999\u7bc7", "action_flag": 3, "change_message": ""}}, {"model": "admin.logentry", "pk": 74, "fields": {"action_time": "2018-11-03T14:03:19.368Z", "user": 1, "content_type": 9, "object_id": "20052", "object_repr": "\u8fd9\u662f\u5927\u91cf\u6d4b\u8bd5\u7b2c19998\u7bc7", "action_flag": 3, "change_message": ""}}, {"model": "admin.logentry", "pk": 75, "fields": {"action_time": "2018-11-03T14:03:19.376Z", "user": 1, "content_type": 9, "object_id": "20051", "object_repr": "\u8fd9\u662f\u5927\u91cf\u6d4b\u8bd5\u7b2c19997\u7bc7", "action_flag": 3, "change_message": ""}}, {"model": "admin.logentry", "pk": 76, "fields": {"action_time": "2018-11-03T14:03:19.385Z", "user": 1, "content_type": 9, "object_id": "20050", "object_repr": "\u8fd9\u662f\u5927\u91cf\u6d4b\u8bd5\u7b2c19996\u7bc7", "action_flag": 3, "change_message": ""}}, {"model": "admin.logentry", "pk": 77, "fields": {"action_time": "2018-11-03T14:03:19.392Z", "user": 1, "content_type": 9, "object_id": "20049", "object_repr": "\u8fd9\u662f\u5927\u91cf\u6d4b\u8bd5\u7b2c19995\u7bc7", "action_flag": 3, "change_message": ""}}, {"model": "admin.logentry", "pk": 78, "fields": {"action_time": "2018-11-03T14:03:19.402Z", "user": 1, "content_type": 9, "object_id": "20048", "object_repr": "\u8fd9\u662f\u5927\u91cf\u6d4b\u8bd5\u7b2c19994\u7bc7", "action_flag": 3, "change_message": ""}}, {"model": "admin.logentry", "pk": 79, "fields": {"action_time": "2018-11-03T14:03:19.409Z", "user": 1, "content_type": 9, "object_id": "20047", "object_repr": "\u8fd9\u662f\u5927\u91cf\u6d4b\u8bd5\u7b2c19993\u7bc7", "action_flag": 3, "change_message": ""}}, {"model": "admin.logentry", "pk": 80, "fields": {"action_time": "2018-11-03T14:03:19.417Z", "user": 1, "content_type": 9, "object_id": "20046", "object_repr": "\u8fd9\u662f\u5927\u91cf\u6d4b\u8bd5\u7b2c19992\u7bc7", "action_flag": 3, "change_message": ""}}, {"model": "admin.logentry", "pk": 81, "fields": {"action_time": "2018-11-03T14:03:19.431Z", "user": 1, "content_type": 9, "object_id": "20045", "object_repr": "\u8fd9\u662f\u5927\u91cf\u6d4b\u8bd5\u7b2c19991\u7bc7", "action_flag": 3, "change_message": ""}}, {"model": "admin.logentry", "pk": 82, "fields": {"action_time": "2018-11-03T14:03:19.447Z", "user": 1, "content_type": 9, "object_id": "20044", "object_repr": "\u8fd9\u662f\u5927\u91cf\u6d4b\u8bd5\u7b2c19990\u7bc7", "action_flag": 3, "change_message": ""}}, {"model": "admin.logentry", "pk": 83, "fields": {"action_time": "2018-11-03T14:03:19.460Z", "user": 1, "content_type": 9, "object_id": "20043", "object_repr": "\u8fd9\u662f\u5927\u91cf\u6d4b\u8bd5\u7b2c19989\u7bc7", "action_flag": 3, "change_message": ""}}, {"model": "admin.logentry", "pk": 84, "fields": {"action_time": "2018-11-03T14:03:19.469Z", "user": 1, "content_type": 9, "object_id": "20042", "object_repr": "\u8fd9\u662f\u5927\u91cf\u6d4b\u8bd5\u7b2c19988\u7bc7", "action_flag": 3, "change_message": ""}}, {"model": "admin.logentry", "pk": 85, "fields": {"action_time": "2018-11-03T14:03:19.477Z", "user": 1, "content_type": 9, "object_id": "20041", "object_repr": "\u8fd9\u662f\u5927\u91cf\u6d4b\u8bd5\u7b2c19987\u7bc7", "action_flag": 3, "change_message": ""}}, {"model": "admin.logentry", "pk": 86, "fields": {"action_time": "2018-11-03T14:03:19.484Z", "user": 1, "content_type": 9, "object_id": "20040", "object_repr": "\u8fd9\u662f\u5927\u91cf\u6d4b\u8bd5\u7b2c19986\u7bc7", "action_flag": 3, "change_message": ""}}, {"model": "admin.logentry", "pk": 87, "fields": {"action_time": "2018-11-03T14:03:19.492Z", "user": 1, "content_type": 9, "object_id": "20039", "object_repr": "\u8fd9\u662f\u5927\u91cf\u6d4b\u8bd5\u7b2c19985\u7bc7", "action_flag": 3, "change_message": ""}}, {"model": "admin.logentry", "pk": 88, "fields": {"action_time": "2018-11-03T14:03:19.501Z", "user": 1, "content_type": 9, "object_id": "20038", "object_repr": "\u8fd9\u662f\u5927\u91cf\u6d4b\u8bd5\u7b2c19984\u7bc7", "action_flag": 3, "change_message": ""}}, {"model": "admin.logentry", "pk": 89, "fields": {"action_time": "2018-11-03T14:03:19.508Z", "user": 1, "content_type": 9, "object_id": "20037", "object_repr": "\u8fd9\u662f\u5927\u91cf\u6d4b\u8bd5\u7b2c19983\u7bc7", "action_flag": 3, "change_message": ""}}, {"model": "admin.logentry", "pk": 90, "fields": {"action_time": "2018-11-03T14:03:19.515Z", "user": 1, "content_type": 9, "object_id": "20036", "object_repr": "\u8fd9\u662f\u5927\u91cf\u6d4b\u8bd5\u7b2c19982\u7bc7", "action_flag": 3, "change_message": ""}}, {"model": "admin.logentry", "pk": 91, "fields": {"action_time": "2018-11-03T14:03:19.521Z", "user": 1, "content_type": 9, "object_id": "20035", "object_repr": "\u8fd9\u662f\u5927\u91cf\u6d4b\u8bd5\u7b2c19981\u7bc7", "action_flag": 3, "change_message": ""}}, {"model": "admin.logentry", "pk": 92, "fields": {"action_time": "2018-11-03T14:03:19.530Z", "user": 1, "content_type": 9, "object_id": "20034", "object_repr": "\u8fd9\u662f\u5927\u91cf\u6d4b\u8bd5\u7b2c19980\u7bc7", "action_flag": 3, "change_message": ""}}, {"model": "admin.logentry", "pk": 93, "fields": {"action_time": "2018-11-03T14:03:19.539Z", "user": 1, "content_type": 9, "object_id": "20033", "object_repr": "\u8fd9\u662f\u5927\u91cf\u6d4b\u8bd5\u7b2c19979\u7bc7", "action_flag": 3, "change_message": ""}}, {"model": "admin.logentry", "pk": 94, "fields": {"action_time": "2018-11-03T14:03:19.548Z", "user": 1, "content_type": 9, "object_id": "20032", "object_repr": "\u8fd9\u662f\u5927\u91cf\u6d4b\u8bd5\u7b2c19978\u7bc7", "action_flag": 3, "change_message": ""}}, {"model": "admin.logentry", "pk": 95, "fields": {"action_time": "2018-11-03T14:03:19.559Z", "user": 1, "content_type": 9, "object_id": "20031", "object_repr": "\u8fd9\u662f\u5927\u91cf\u6d4b\u8bd5\u7b2c19977\u7bc7", "action_flag": 3, "change_message": ""}}, {"model": "admin.logentry", "pk": 96, "fields": {"action_time": "2018-11-03T14:03:19.576Z", "user": 1, "content_type": 9, "object_id": "20030", "object_repr": "\u8fd9\u662f\u5927\u91cf\u6d4b\u8bd5\u7b2c19976\u7bc7", "action_flag": 3, "change_message": ""}}, {"model": "admin.logentry", "pk": 97, "fields": {"action_time": "2018-11-03T14:03:19.591Z", "user": 1, "content_type": 9, "object_id": "20029", "object_repr": "\u8fd9\u662f\u5927\u91cf\u6d4b\u8bd5\u7b2c19975\u7bc7", "action_flag": 3, "change_message": ""}}, {"model": "admin.logentry", "pk": 98, "fields": {"action_time": "2018-11-03T14:03:19.604Z", "user": 1, "content_type": 9, "object_id": "20028", "object_repr": "\u8fd9\u662f\u5927\u91cf\u6d4b\u8bd5\u7b2c19974\u7bc7", "action_flag": 3, "change_message": ""}}, {"model": "admin.logentry", "pk": 99, "fields": {"action_time": "2018-11-03T14:03:19.612Z", "user": 1, "content_type": 9, "object_id": "20027", "object_repr": "\u8fd9\u662f\u5927\u91cf\u6d4b\u8bd5\u7b2c19973\u7bc7", "action_flag": 3, "change_message": ""}}, {"model": "admin.logentry", "pk": 100, "fields": {"action_time": "2018-11-03T14:03:19.624Z", "user": 1, "content_type": 9, "object_id": "20026", "object_repr": "\u8fd9\u662f\u5927\u91cf\u6d4b\u8bd5\u7b2c19972\u7bc7", "action_flag": 3, "change_message": ""}}, {"model": "admin.logentry", "pk": 101, "fields": {"action_time": "2018-11-03T14:03:19.635Z", "user": 1, "content_type": 9, "object_id": "20025", "object_repr": "\u8fd9\u662f\u5927\u91cf\u6d4b\u8bd5\u7b2c19971\u7bc7", "action_flag": 3, "change_message": ""}}, {"model": "admin.logentry", "pk": 102, "fields": {"action_time": "2018-11-03T14:03:19.643Z", "user": 1, "content_type": 9, "object_id": "20024", "object_repr": "\u8fd9\u662f\u5927\u91cf\u6d4b\u8bd5\u7b2c19970\u7bc7", "action_flag": 3, "change_message": ""}}, {"model": "admin.logentry", "pk": 103, "fields": {"action_time": "2018-11-03T14:03:19.652Z", "user": 1, "content_type": 9, "object_id": "20023", "object_repr": "\u8fd9\u662f\u5927\u91cf\u6d4b\u8bd5\u7b2c19969\u7bc7", "action_flag": 3, "change_message": ""}}, {"model": "admin.logentry", "pk": 104, "fields": {"action_time": "2018-11-03T14:03:19.663Z", "user": 1, "content_type": 9, "object_id": "20022", "object_repr": "\u8fd9\u662f\u5927\u91cf\u6d4b\u8bd5\u7b2c19968\u7bc7", "action_flag": 3, "change_message": ""}}, {"model": "admin.logentry", "pk": 105, "fields": {"action_time": "2018-11-03T14:03:19.673Z", "user": 1, "content_type": 9, "object_id": "20021", "object_repr": "\u8fd9\u662f\u5927\u91cf\u6d4b\u8bd5\u7b2c19967\u7bc7", "action_flag": 3, "change_message": ""}}, {"model": "admin.logentry", "pk": 106, "fields": {"action_time": "2018-11-03T14:03:19.682Z", "user": 1, "content_type": 9, "object_id": "20020", "object_repr": "\u8fd9\u662f\u5927\u91cf\u6d4b\u8bd5\u7b2c19966\u7bc7", "action_flag": 3, "change_message": ""}}, {"model": "admin.logentry", "pk": 107, "fields": {"action_time": "2018-11-03T14:03:19.692Z", "user": 1, "content_type": 9, "object_id": "20019", "object_repr": "\u8fd9\u662f\u5927\u91cf\u6d4b\u8bd5\u7b2c19965\u7bc7", "action_flag": 3, "change_message": ""}}, {"model": "admin.logentry", "pk": 108, "fields": {"action_time": "2018-11-03T14:03:19.701Z", "user": 1, "content_type": 9, "object_id": "20018", "object_repr": "\u8fd9\u662f\u5927\u91cf\u6d4b\u8bd5\u7b2c19964\u7bc7", "action_flag": 3, "change_message": ""}}, {"model": "admin.logentry", "pk": 109, "fields": {"action_time": "2018-11-03T14:03:19.707Z", "user": 1, "content_type": 9, "object_id": "20017", "object_repr": "\u8fd9\u662f\u5927\u91cf\u6d4b\u8bd5\u7b2c19963\u7bc7", "action_flag": 3, "change_message": ""}}, {"model": "admin.logentry", "pk": 110, "fields": {"action_time": "2018-11-03T14:03:19.715Z", "user": 1, "content_type": 9, "object_id": "20016", "object_repr": "\u8fd9\u662f\u5927\u91cf\u6d4b\u8bd5\u7b2c19962\u7bc7", "action_flag": 3, "change_message": ""}}, {"model": "admin.logentry", "pk": 111, "fields": {"action_time": "2018-11-03T14:03:19.722Z", "user": 1, "content_type": 9, "object_id": "20015", "object_repr": "\u8fd9\u662f\u5927\u91cf\u6d4b\u8bd5\u7b2c19961\u7bc7", "action_flag": 3, "change_message": ""}}, {"model": "admin.logentry", "pk": 112, "fields": {"action_time": "2018-11-03T14:03:19.729Z", "user": 1, "content_type": 9, "object_id": "20014", "object_repr": "\u8fd9\u662f\u5927\u91cf\u6d4b\u8bd5\u7b2c19960\u7bc7", "action_flag": 3, "change_message": ""}}, {"model": "admin.logentry", "pk": 113, "fields": {"action_time": "2018-11-03T14:03:19.737Z", "user": 1, "content_type": 9, "object_id": "20013", "object_repr": "\u8fd9\u662f\u5927\u91cf\u6d4b\u8bd5\u7b2c19959\u7bc7", "action_flag": 3, "change_message": ""}}, {"model": "admin.logentry", "pk": 114, "fields": {"action_time": "2018-11-03T14:03:19.746Z", "user": 1, "content_type": 9, "object_id": "20012", "object_repr": "\u8fd9\u662f\u5927\u91cf\u6d4b\u8bd5\u7b2c19958\u7bc7", "action_flag": 3, "change_message": ""}}, {"model": "admin.logentry", "pk": 115, "fields": {"action_time": "2018-11-03T14:03:19.754Z", "user": 1, "content_type": 9, "object_id": "20011", "object_repr": "\u8fd9\u662f\u5927\u91cf\u6d4b\u8bd5\u7b2c19957\u7bc7", "action_flag": 3, "change_message": ""}}, {"model": "admin.logentry", "pk": 116, "fields": {"action_time": "2018-11-03T14:03:19.762Z", "user": 1, "content_type": 9, "object_id": "20010", "object_repr": "\u8fd9\u662f\u5927\u91cf\u6d4b\u8bd5\u7b2c19956\u7bc7", "action_flag": 3, "change_message": ""}}, {"model": "admin.logentry", "pk": 117, "fields": {"action_time": "2018-11-03T14:03:19.770Z", "user": 1, "content_type": 9, "object_id": "20009", "object_repr": "\u8fd9\u662f\u5927\u91cf\u6d4b\u8bd5\u7b2c19955\u7bc7", "action_flag": 3, "change_message": ""}}, {"model": "admin.logentry", "pk": 118, "fields": {"action_time": "2018-11-03T14:03:19.781Z", "user": 1, "content_type": 9, "object_id": "20008", "object_repr": "\u8fd9\u662f\u5927\u91cf\u6d4b\u8bd5\u7b2c19954\u7bc7", "action_flag": 3, "change_message": ""}}, {"model": "admin.logentry", "pk": 119, "fields": {"action_time": "2018-11-03T14:03:19.788Z", "user": 1, "content_type": 9, "object_id": "20007", "object_repr": "\u8fd9\u662f\u5927\u91cf\u6d4b\u8bd5\u7b2c19953\u7bc7", "action_flag": 3, "change_message": ""}}, {"model": "admin.logentry", "pk": 120, "fields": {"action_time": "2018-11-03T14:03:19.795Z", "user": 1, "content_type": 9, "object_id": "20006", "object_repr": "\u8fd9\u662f\u5927\u91cf\u6d4b\u8bd5\u7b2c19952\u7bc7", "action_flag": 3, "change_message": ""}}, {"model": "admin.logentry", "pk": 121, "fields": {"action_time": "2018-11-03T14:03:19.804Z", "user": 1, "content_type": 9, "object_id": "20005", "object_repr": "\u8fd9\u662f\u5927\u91cf\u6d4b\u8bd5\u7b2c19951\u7bc7", "action_flag": 3, "change_message": ""}}, {"model": "admin.logentry", "pk": 122, "fields": {"action_time": "2018-11-03T14:03:19.811Z", "user": 1, "content_type": 9, "object_id": "20004", "object_repr": "\u8fd9\u662f\u5927\u91cf\u6d4b\u8bd5\u7b2c19950\u7bc7", "action_flag": 3, "change_message": ""}}, {"model": "admin.logentry", "pk": 123, "fields": {"action_time": "2018-11-03T14:03:19.819Z", "user": 1, "content_type": 9, "object_id": "20003", "object_repr": "\u8fd9\u662f\u5927\u91cf\u6d4b\u8bd5\u7b2c19949\u7bc7", "action_flag": 3, "change_message": ""}}, {"model": "admin.logentry", "pk": 124, "fields": {"action_time": "2018-11-03T14:03:19.825Z", "user": 1, "content_type": 9, "object_id": "20002", "object_repr": "\u8fd9\u662f\u5927\u91cf\u6d4b\u8bd5\u7b2c19948\u7bc7", "action_flag": 3, "change_message": ""}}, {"model": "admin.logentry", "pk": 125, "fields": {"action_time": "2018-11-03T14:03:19.832Z", "user": 1, "content_type": 9, "object_id": "20001", "object_repr": "\u8fd9\u662f\u5927\u91cf\u6d4b\u8bd5\u7b2c19947\u7bc7", "action_flag": 3, "change_message": ""}}, {"model": "admin.logentry", "pk": 126, "fields": {"action_time": "2018-11-03T14:03:19.840Z", "user": 1, "content_type": 9, "object_id": "20000", "object_repr": "\u8fd9\u662f\u5927\u91cf\u6d4b\u8bd5\u7b2c19946\u7bc7", "action_flag": 3, "change_message": ""}}, {"model": "admin.logentry", "pk": 127, "fields": {"action_time": "2018-11-03T14:03:19.848Z", "user": 1, "content_type": 9, "object_id": "19999", "object_repr": "\u8fd9\u662f\u5927\u91cf\u6d4b\u8bd5\u7b2c19945\u7bc7", "action_flag": 3, "change_message": ""}}, {"model": "admin.logentry", "pk": 128, "fields": {"action_time": "2018-11-03T14:03:19.859Z", "user": 1, "content_type": 9, "object_id": "19998", "object_repr": "\u8fd9\u662f\u5927\u91cf\u6d4b\u8bd5\u7b2c19944\u7bc7", "action_flag": 3, "change_message": ""}}, {"model": "admin.logentry", "pk": 129, "fields": {"action_time": "2018-11-03T14:03:19.871Z", "user": 1, "content_type": 9, "object_id": "19997", "object_repr": "\u8fd9\u662f\u5927\u91cf\u6d4b\u8bd5\u7b2c19943\u7bc7", "action_flag": 3, "change_message": ""}}, {"model": "admin.logentry", "pk": 130, "fields": {"action_time": "2018-11-03T14:03:19.880Z", "user": 1, "content_type": 9, "object_id": "19996", "object_repr": "\u8fd9\u662f\u5927\u91cf\u6d4b\u8bd5\u7b2c19942\u7bc7", "action_flag": 3, "change_message": ""}}, {"model": "admin.logentry", "pk": 131, "fields": {"action_time": "2018-11-03T14:03:19.889Z", "user": 1, "content_type": 9, "object_id": "19995", "object_repr": "\u8fd9\u662f\u5927\u91cf\u6d4b\u8bd5\u7b2c19941\u7bc7", "action_flag": 3, "change_message": ""}}, {"model": "admin.logentry", "pk": 132, "fields": {"action_time": "2018-11-03T14:03:19.901Z", "user": 1, "content_type": 9, "object_id": "19994", "object_repr": "\u8fd9\u662f\u5927\u91cf\u6d4b\u8bd5\u7b2c19940\u7bc7", "action_flag": 3, "change_message": ""}}, {"model": "admin.logentry", "pk": 133, "fields": {"action_time": "2018-11-03T14:03:19.912Z", "user": 1, "content_type": 9, "object_id": "19993", "object_repr": "\u8fd9\u662f\u5927\u91cf\u6d4b\u8bd5\u7b2c19939\u7bc7", "action_flag": 3, "change_message": ""}}, {"model": "admin.logentry", "pk": 134, "fields": {"action_time": "2018-11-03T14:03:19.921Z", "user": 1, "content_type": 9, "object_id": "19992", "object_repr": "\u8fd9\u662f\u5927\u91cf\u6d4b\u8bd5\u7b2c19938\u7bc7", "action_flag": 3, "change_message": ""}}, {"model": "admin.logentry", "pk": 135, "fields": {"action_time": "2018-11-03T14:03:19.930Z", "user": 1, "content_type": 9, "object_id": "19991", "object_repr": "\u8fd9\u662f\u5927\u91cf\u6d4b\u8bd5\u7b2c19937\u7bc7", "action_flag": 3, "change_message": ""}}, {"model": "admin.logentry", "pk": 136, "fields": {"action_time": "2018-11-03T14:03:19.940Z", "user": 1, "content_type": 9, "object_id": "19990", "object_repr": "\u8fd9\u662f\u5927\u91cf\u6d4b\u8bd5\u7b2c19936\u7bc7", "action_flag": 3, "change_message": ""}}, {"model": "admin.logentry", "pk": 137, "fields": {"action_time": "2018-11-03T14:03:19.949Z", "user": 1, "content_type": 9, "object_id": "19989", "object_repr": "\u8fd9\u662f\u5927\u91cf\u6d4b\u8bd5\u7b2c19935\u7bc7", "action_flag": 3, "change_message": ""}}, {"model": "admin.logentry", "pk": 138, "fields": {"action_time": "2018-11-03T14:03:19.957Z", "user": 1, "content_type": 9, "object_id": "19988", "object_repr": "\u8fd9\u662f\u5927\u91cf\u6d4b\u8bd5\u7b2c19934\u7bc7", "action_flag": 3, "change_message": ""}}, {"model": "admin.logentry", "pk": 139, "fields": {"action_time": "2018-11-03T14:03:19.965Z", "user": 1, "content_type": 9, "object_id": "19987", "object_repr": "\u8fd9\u662f\u5927\u91cf\u6d4b\u8bd5\u7b2c19933\u7bc7", "action_flag": 3, "change_message": ""}}, {"model": "admin.logentry", "pk": 140, "fields": {"action_time": "2018-11-03T14:03:19.975Z", "user": 1, "content_type": 9, "object_id": "19986", "object_repr": "\u8fd9\u662f\u5927\u91cf\u6d4b\u8bd5\u7b2c19932\u7bc7", "action_flag": 3, "change_message": ""}}, {"model": "admin.logentry", "pk": 141, "fields": {"action_time": "2018-11-03T14:03:19.984Z", "user": 1, "content_type": 9, "object_id": "19985", "object_repr": "\u8fd9\u662f\u5927\u91cf\u6d4b\u8bd5\u7b2c19931\u7bc7", "action_flag": 3, "change_message": ""}}, {"model": "admin.logentry", "pk": 142, "fields": {"action_time": "2018-11-03T14:03:19.994Z", "user": 1, "content_type": 9, "object_id": "19984", "object_repr": "\u8fd9\u662f\u5927\u91cf\u6d4b\u8bd5\u7b2c19930\u7bc7", "action_flag": 3, "change_message": ""}}, {"model": "admin.logentry", "pk": 143, "fields": {"action_time": "2018-11-03T14:03:20.003Z", "user": 1, "content_type": 9, "object_id": "19983", "object_repr": "\u8fd9\u662f\u5927\u91cf\u6d4b\u8bd5\u7b2c19929\u7bc7", "action_flag": 3, "change_message": ""}}, {"model": "admin.logentry", "pk": 144, "fields": {"action_time": "2018-11-03T14:03:20.012Z", "user": 1, "content_type": 9, "object_id": "19982", "object_repr": "\u8fd9\u662f\u5927\u91cf\u6d4b\u8bd5\u7b2c19928\u7bc7", "action_flag": 3, "change_message": ""}}, {"model": "admin.logentry", "pk": 145, "fields": {"action_time": "2018-11-03T14:03:20.020Z", "user": 1, "content_type": 9, "object_id": "19981", "object_repr": "\u8fd9\u662f\u5927\u91cf\u6d4b\u8bd5\u7b2c19927\u7bc7", "action_flag": 3, "change_message": ""}}, {"model": "admin.logentry", "pk": 146, "fields": {"action_time": "2018-11-03T14:03:20.028Z", "user": 1, "content_type": 9, "object_id": "19980", "object_repr": "\u8fd9\u662f\u5927\u91cf\u6d4b\u8bd5\u7b2c19926\u7bc7", "action_flag": 3, "change_message": ""}}, {"model": "admin.logentry", "pk": 147, "fields": {"action_time": "2018-11-03T14:03:20.036Z", "user": 1, "content_type": 9, "object_id": "19979", "object_repr": "\u8fd9\u662f\u5927\u91cf\u6d4b\u8bd5\u7b2c19925\u7bc7", "action_flag": 3, "change_message": ""}}, {"model": "admin.logentry", "pk": 148, "fields": {"action_time": "2018-11-03T14:03:20.044Z", "user": 1, "content_type": 9, "object_id": "19978", "object_repr": "\u8fd9\u662f\u5927\u91cf\u6d4b\u8bd5\u7b2c19924\u7bc7", "action_flag": 3, "change_message": ""}}, {"model": "admin.logentry", "pk": 149, "fields": {"action_time": "2018-11-03T14:03:20.051Z", "user": 1, "content_type": 9, "object_id": "19977", "object_repr": "\u8fd9\u662f\u5927\u91cf\u6d4b\u8bd5\u7b2c19923\u7bc7", "action_flag": 3, "change_message": ""}}, {"model": "admin.logentry", "pk": 150, "fields": {"action_time": "2018-11-03T14:03:20.058Z", "user": 1, "content_type": 9, "object_id": "19976", "object_repr": "\u8fd9\u662f\u5927\u91cf\u6d4b\u8bd5\u7b2c19922\u7bc7", "action_flag": 3, "change_message": ""}}, {"model": "admin.logentry", "pk": 151, "fields": {"action_time": "2018-11-03T14:03:20.067Z", "user": 1, "content_type": 9, "object_id": "19975", "object_repr": "\u8fd9\u662f\u5927\u91cf\u6d4b\u8bd5\u7b2c19921\u7bc7", "action_flag": 3, "change_message": ""}}, {"model": "admin.logentry", "pk": 152, "fields": {"action_time": "2018-11-03T14:03:20.074Z", "user": 1, "content_type": 9, "object_id": "19974", "object_repr": "\u8fd9\u662f\u5927\u91cf\u6d4b\u8bd5\u7b2c19920\u7bc7", "action_flag": 3, "change_message": ""}}, {"model": "admin.logentry", "pk": 153, "fields": {"action_time": "2018-11-03T14:03:20.085Z", "user": 1, "content_type": 9, "object_id": "19973", "object_repr": "\u8fd9\u662f\u5927\u91cf\u6d4b\u8bd5\u7b2c19919\u7bc7", "action_flag": 3, "change_message": ""}}, {"model": "admin.logentry", "pk": 154, "fields": {"action_time": "2018-11-03T14:03:20.092Z", "user": 1, "content_type": 9, "object_id": "19972", "object_repr": "\u8fd9\u662f\u5927\u91cf\u6d4b\u8bd5\u7b2c19918\u7bc7", "action_flag": 3, "change_message": ""}}, {"model": "admin.logentry", "pk": 155, "fields": {"action_time": "2018-11-03T14:03:20.099Z", "user": 1, "content_type": 9, "object_id": "19971", "object_repr": "\u8fd9\u662f\u5927\u91cf\u6d4b\u8bd5\u7b2c19917\u7bc7", "action_flag": 3, "change_message": ""}}, {"model": "admin.logentry", "pk": 156, "fields": {"action_time": "2018-11-03T14:03:20.107Z", "user": 1, "content_type": 9, "object_id": "19970", "object_repr": "\u8fd9\u662f\u5927\u91cf\u6d4b\u8bd5\u7b2c19916\u7bc7", "action_flag": 3, "change_message": ""}}, {"model": "admin.logentry", "pk": 157, "fields": {"action_time": "2018-11-03T14:03:20.114Z", "user": 1, "content_type": 9, "object_id": "19969", "object_repr": "\u8fd9\u662f\u5927\u91cf\u6d4b\u8bd5\u7b2c19915\u7bc7", "action_flag": 3, "change_message": ""}}, {"model": "admin.logentry", "pk": 158, "fields": {"action_time": "2018-11-03T14:03:20.123Z", "user": 1, "content_type": 9, "object_id": "19968", "object_repr": "\u8fd9\u662f\u5927\u91cf\u6d4b\u8bd5\u7b2c19914\u7bc7", "action_flag": 3, "change_message": ""}}, {"model": "admin.logentry", "pk": 159, "fields": {"action_time": "2018-11-03T14:03:20.131Z", "user": 1, "content_type": 9, "object_id": "19967", "object_repr": "\u8fd9\u662f\u5927\u91cf\u6d4b\u8bd5\u7b2c19913\u7bc7", "action_flag": 3, "change_message": ""}}, {"model": "admin.logentry", "pk": 160, "fields": {"action_time": "2018-11-03T14:03:20.139Z", "user": 1, "content_type": 9, "object_id": "19966", "object_repr": "\u8fd9\u662f\u5927\u91cf\u6d4b\u8bd5\u7b2c19912\u7bc7", "action_flag": 3, "change_message": ""}}, {"model": "admin.logentry", "pk": 161, "fields": {"action_time": "2018-11-03T14:03:20.148Z", "user": 1, "content_type": 9, "object_id": "19965", "object_repr": "\u8fd9\u662f\u5927\u91cf\u6d4b\u8bd5\u7b2c19911\u7bc7", "action_flag": 3, "change_message": ""}}, {"model": "admin.logentry", "pk": 162, "fields": {"action_time": "2018-11-03T14:03:20.158Z", "user": 1, "content_type": 9, "object_id": "19964", "object_repr": "\u8fd9\u662f\u5927\u91cf\u6d4b\u8bd5\u7b2c19910\u7bc7", "action_flag": 3, "change_message": ""}}, {"model": "admin.logentry", "pk": 163, "fields": {"action_time": "2018-11-03T14:03:20.168Z", "user": 1, "content_type": 9, "object_id": "19963", "object_repr": "\u8fd9\u662f\u5927\u91cf\u6d4b\u8bd5\u7b2c19909\u7bc7", "action_flag": 3, "change_message": ""}}, {"model": "admin.logentry", "pk": 164, "fields": {"action_time": "2018-11-03T14:03:20.178Z", "user": 1, "content_type": 9, "object_id": "19962", "object_repr": "\u8fd9\u662f\u5927\u91cf\u6d4b\u8bd5\u7b2c19908\u7bc7", "action_flag": 3, "change_message": ""}}, {"model": "admin.logentry", "pk": 165, "fields": {"action_time": "2018-11-03T14:03:20.189Z", "user": 1, "content_type": 9, "object_id": "19961", "object_repr": "\u8fd9\u662f\u5927\u91cf\u6d4b\u8bd5\u7b2c19907\u7bc7", "action_flag": 3, "change_message": ""}}, {"model": "admin.logentry", "pk": 166, "fields": {"action_time": "2018-11-03T14:03:20.199Z", "user": 1, "content_type": 9, "object_id": "19960", "object_repr": "\u8fd9\u662f\u5927\u91cf\u6d4b\u8bd5\u7b2c19906\u7bc7", "action_flag": 3, "change_message": ""}}, {"model": "admin.logentry", "pk": 167, "fields": {"action_time": "2018-11-03T14:03:20.209Z", "user": 1, "content_type": 9, "object_id": "19959", "object_repr": "\u8fd9\u662f\u5927\u91cf\u6d4b\u8bd5\u7b2c19905\u7bc7", "action_flag": 3, "change_message": ""}}, {"model": "admin.logentry", "pk": 168, "fields": {"action_time": "2018-11-03T14:03:20.220Z", "user": 1, "content_type": 9, "object_id": "19958", "object_repr": "\u8fd9\u662f\u5927\u91cf\u6d4b\u8bd5\u7b2c19904\u7bc7", "action_flag": 3, "change_message": ""}}, {"model": "admin.logentry", "pk": 169, "fields": {"action_time": "2018-11-03T14:03:20.229Z", "user": 1, "content_type": 9, "object_id": "19957", "object_repr": "\u8fd9\u662f\u5927\u91cf\u6d4b\u8bd5\u7b2c19903\u7bc7", "action_flag": 3, "change_message": ""}}, {"model": "admin.logentry", "pk": 170, "fields": {"action_time": "2018-11-03T14:03:20.238Z", "user": 1, "content_type": 9, "object_id": "19956", "object_repr": "\u8fd9\u662f\u5927\u91cf\u6d4b\u8bd5\u7b2c19902\u7bc7", "action_flag": 3, "change_message": ""}}, {"model": "admin.logentry", "pk": 171, "fields": {"action_time": "2018-11-03T14:03:20.249Z", "user": 1, "content_type": 9, "object_id": "19955", "object_repr": "\u8fd9\u662f\u5927\u91cf\u6d4b\u8bd5\u7b2c19901\u7bc7", "action_flag": 3, "change_message": ""}}, {"model": "admin.logentry", "pk": 172, "fields": {"action_time": "2018-11-03T14:03:52.347Z", "user": 1, "content_type": 9, "object_id": "19954", "object_repr": "\u8fd9\u662f\u5927\u91cf\u6d4b\u8bd5\u7b2c19900\u7bc7", "action_flag": 3, "change_message": ""}}, {"model": "admin.logentry", "pk": 173, "fields": {"action_time": "2018-11-03T14:03:52.355Z", "user": 1, "content_type": 9, "object_id": "19953", "object_repr": "\u8fd9\u662f\u5927\u91cf\u6d4b\u8bd5\u7b2c19899\u7bc7", "action_flag": 3, "change_message": ""}}, {"model": "admin.logentry", "pk": 174, "fields": {"action_time": "2018-11-03T14:03:52.363Z", "user": 1, "content_type": 9, "object_id": "19952", "object_repr": "\u8fd9\u662f\u5927\u91cf\u6d4b\u8bd5\u7b2c19898\u7bc7", "action_flag": 3, "change_message": ""}}, {"model": "admin.logentry", "pk": 175, "fields": {"action_time": "2018-11-03T14:03:52.371Z", "user": 1, "content_type": 9, "object_id": "19951", "object_repr": "\u8fd9\u662f\u5927\u91cf\u6d4b\u8bd5\u7b2c19897\u7bc7", "action_flag": 3, "change_message": ""}}, {"model": "admin.logentry", "pk": 176, "fields": {"action_time": "2018-11-03T14:03:52.378Z", "user": 1, "content_type": 9, "object_id": "19950", "object_repr": "\u8fd9\u662f\u5927\u91cf\u6d4b\u8bd5\u7b2c19896\u7bc7", "action_flag": 3, "change_message": ""}}, {"model": "admin.logentry", "pk": 177, "fields": {"action_time": "2018-11-03T14:03:52.385Z", "user": 1, "content_type": 9, "object_id": "19949", "object_repr": "\u8fd9\u662f\u5927\u91cf\u6d4b\u8bd5\u7b2c19895\u7bc7", "action_flag": 3, "change_message": ""}}, {"model": "admin.logentry", "pk": 178, "fields": {"action_time": "2018-11-03T14:03:52.393Z", "user": 1, "content_type": 9, "object_id": "19948", "object_repr": "\u8fd9\u662f\u5927\u91cf\u6d4b\u8bd5\u7b2c19894\u7bc7", "action_flag": 3, "change_message": ""}}, {"model": "admin.logentry", "pk": 179, "fields": {"action_time": "2018-11-03T14:03:52.401Z", "user": 1, "content_type": 9, "object_id": "19947", "object_repr": "\u8fd9\u662f\u5927\u91cf\u6d4b\u8bd5\u7b2c19893\u7bc7", "action_flag": 3, "change_message": ""}}, {"model": "admin.logentry", "pk": 180, "fields": {"action_time": "2018-11-03T14:03:52.408Z", "user": 1, "content_type": 9, "object_id": "19946", "object_repr": "\u8fd9\u662f\u5927\u91cf\u6d4b\u8bd5\u7b2c19892\u7bc7", "action_flag": 3, "change_message": ""}}, {"model": "admin.logentry", "pk": 181, "fields": {"action_time": "2018-11-03T14:03:52.414Z", "user": 1, "content_type": 9, "object_id": "19945", "object_repr": "\u8fd9\u662f\u5927\u91cf\u6d4b\u8bd5\u7b2c19891\u7bc7", "action_flag": 3, "change_message": ""}}, {"model": "admin.logentry", "pk": 182, "fields": {"action_time": "2018-11-03T14:03:52.421Z", "user": 1, "content_type": 9, "object_id": "19944", "object_repr": "\u8fd9\u662f\u5927\u91cf\u6d4b\u8bd5\u7b2c19890\u7bc7", "action_flag": 3, "change_message": ""}}, {"model": "admin.logentry", "pk": 183, "fields": {"action_time": "2018-11-03T14:03:52.428Z", "user": 1, "content_type": 9, "object_id": "19943", "object_repr": "\u8fd9\u662f\u5927\u91cf\u6d4b\u8bd5\u7b2c19889\u7bc7", "action_flag": 3, "change_message": ""}}, {"model": "admin.logentry", "pk": 184, "fields": {"action_time": "2018-11-03T14:03:52.435Z", "user": 1, "content_type": 9, "object_id": "19942", "object_repr": "\u8fd9\u662f\u5927\u91cf\u6d4b\u8bd5\u7b2c19888\u7bc7", "action_flag": 3, "change_message": ""}}, {"model": "admin.logentry", "pk": 185, "fields": {"action_time": "2018-11-03T14:03:52.442Z", "user": 1, "content_type": 9, "object_id": "19941", "object_repr": "\u8fd9\u662f\u5927\u91cf\u6d4b\u8bd5\u7b2c19887\u7bc7", "action_flag": 3, "change_message": ""}}, {"model": "admin.logentry", "pk": 186, "fields": {"action_time": "2018-11-03T14:03:52.450Z", "user": 1, "content_type": 9, "object_id": "19940", "object_repr": "\u8fd9\u662f\u5927\u91cf\u6d4b\u8bd5\u7b2c19886\u7bc7", "action_flag": 3, "change_message": ""}}, {"model": "admin.logentry", "pk": 187, "fields": {"action_time": "2018-11-03T14:03:52.458Z", "user": 1, "content_type": 9, "object_id": "19939", "object_repr": "\u8fd9\u662f\u5927\u91cf\u6d4b\u8bd5\u7b2c19885\u7bc7", "action_flag": 3, "change_message": ""}}, {"model": "admin.logentry", "pk": 188, "fields": {"action_time": "2018-11-03T14:03:52.465Z", "user": 1, "content_type": 9, "object_id": "19938", "object_repr": "\u8fd9\u662f\u5927\u91cf\u6d4b\u8bd5\u7b2c19884\u7bc7", "action_flag": 3, "change_message": ""}}, {"model": "admin.logentry", "pk": 189, "fields": {"action_time": "2018-11-03T14:03:52.472Z", "user": 1, "content_type": 9, "object_id": "19937", "object_repr": "\u8fd9\u662f\u5927\u91cf\u6d4b\u8bd5\u7b2c19883\u7bc7", "action_flag": 3, "change_message": ""}}, {"model": "admin.logentry", "pk": 190, "fields": {"action_time": "2018-11-03T14:03:52.480Z", "user": 1, "content_type": 9, "object_id": "19936", "object_repr": "\u8fd9\u662f\u5927\u91cf\u6d4b\u8bd5\u7b2c19882\u7bc7", "action_flag": 3, "change_message": ""}}, {"model": "admin.logentry", "pk": 191, "fields": {"action_time": "2018-11-03T14:03:52.489Z", "user": 1, "content_type": 9, "object_id": "19935", "object_repr": "\u8fd9\u662f\u5927\u91cf\u6d4b\u8bd5\u7b2c19881\u7bc7", "action_flag": 3, "change_message": ""}}, {"model": "admin.logentry", "pk": 192, "fields": {"action_time": "2018-11-03T14:03:52.497Z", "user": 1, "content_type": 9, "object_id": "19934", "object_repr": "\u8fd9\u662f\u5927\u91cf\u6d4b\u8bd5\u7b2c19880\u7bc7", "action_flag": 3, "change_message": ""}}, {"model": "admin.logentry", "pk": 193, "fields": {"action_time": "2018-11-03T14:03:52.507Z", "user": 1, "content_type": 9, "object_id": "19933", "object_repr": "\u8fd9\u662f\u5927\u91cf\u6d4b\u8bd5\u7b2c19879\u7bc7", "action_flag": 3, "change_message": ""}}, {"model": "admin.logentry", "pk": 194, "fields": {"action_time": "2018-11-03T14:03:52.517Z", "user": 1, "content_type": 9, "object_id": "19932", "object_repr": "\u8fd9\u662f\u5927\u91cf\u6d4b\u8bd5\u7b2c19878\u7bc7", "action_flag": 3, "change_message": ""}}, {"model": "admin.logentry", "pk": 195, "fields": {"action_time": "2018-11-03T14:03:52.523Z", "user": 1, "content_type": 9, "object_id": "19931", "object_repr": "\u8fd9\u662f\u5927\u91cf\u6d4b\u8bd5\u7b2c19877\u7bc7", "action_flag": 3, "change_message": ""}}, {"model": "admin.logentry", "pk": 196, "fields": {"action_time": "2018-11-03T14:03:52.531Z", "user": 1, "content_type": 9, "object_id": "19930", "object_repr": "\u8fd9\u662f\u5927\u91cf\u6d4b\u8bd5\u7b2c19876\u7bc7", "action_flag": 3, "change_message": ""}}, {"model": "admin.logentry", "pk": 197, "fields": {"action_time": "2018-11-03T14:03:52.538Z", "user": 1, "content_type": 9, "object_id": "19929", "object_repr": "\u8fd9\u662f\u5927\u91cf\u6d4b\u8bd5\u7b2c19875\u7bc7", "action_flag": 3, "change_message": ""}}, {"model": "admin.logentry", "pk": 198, "fields": {"action_time": "2018-11-03T14:03:52.546Z", "user": 1, "content_type": 9, "object_id": "19928", "object_repr": "\u8fd9\u662f\u5927\u91cf\u6d4b\u8bd5\u7b2c19874\u7bc7", "action_flag": 3, "change_message": ""}}, {"model": "admin.logentry", "pk": 199, "fields": {"action_time": "2018-11-03T14:03:52.556Z", "user": 1, "content_type": 9, "object_id": "19927", "object_repr": "\u8fd9\u662f\u5927\u91cf\u6d4b\u8bd5\u7b2c19873\u7bc7", "action_flag": 3, "change_message": ""}}, {"model": "admin.logentry", "pk": 200, "fields": {"action_time": "2018-11-03T14:03:52.565Z", "user": 1, "content_type": 9, "object_id": "19926", "object_repr": "\u8fd9\u662f\u5927\u91cf\u6d4b\u8bd5\u7b2c19872\u7bc7", "action_flag": 3, "change_message": ""}}, {"model": "admin.logentry", "pk": 201, "fields": {"action_time": "2018-11-03T14:03:52.575Z", "user": 1, "content_type": 9, "object_id": "19925", "object_repr": "\u8fd9\u662f\u5927\u91cf\u6d4b\u8bd5\u7b2c19871\u7bc7", "action_flag": 3, "change_message": ""}}, {"model": "admin.logentry", "pk": 202, "fields": {"action_time": "2018-11-03T14:03:52.585Z", "user": 1, "content_type": 9, "object_id": "19924", "object_repr": "\u8fd9\u662f\u5927\u91cf\u6d4b\u8bd5\u7b2c19870\u7bc7", "action_flag": 3, "change_message": ""}}, {"model": "admin.logentry", "pk": 203, "fields": {"action_time": "2018-11-03T14:03:52.595Z", "user": 1, "content_type": 9, "object_id": "19923", "object_repr": "\u8fd9\u662f\u5927\u91cf\u6d4b\u8bd5\u7b2c19869\u7bc7", "action_flag": 3, "change_message": ""}}, {"model": "admin.logentry", "pk": 204, "fields": {"action_time": "2018-11-03T14:03:52.605Z", "user": 1, "content_type": 9, "object_id": "19922", "object_repr": "\u8fd9\u662f\u5927\u91cf\u6d4b\u8bd5\u7b2c19868\u7bc7", "action_flag": 3, "change_message": ""}}, {"model": "admin.logentry", "pk": 205, "fields": {"action_time": "2018-11-03T14:03:52.614Z", "user": 1, "content_type": 9, "object_id": "19921", "object_repr": "\u8fd9\u662f\u5927\u91cf\u6d4b\u8bd5\u7b2c19867\u7bc7", "action_flag": 3, "change_message": ""}}, {"model": "admin.logentry", "pk": 206, "fields": {"action_time": "2018-11-03T14:03:52.623Z", "user": 1, "content_type": 9, "object_id": "19920", "object_repr": "\u8fd9\u662f\u5927\u91cf\u6d4b\u8bd5\u7b2c19866\u7bc7", "action_flag": 3, "change_message": ""}}, {"model": "admin.logentry", "pk": 207, "fields": {"action_time": "2018-11-03T14:03:52.632Z", "user": 1, "content_type": 9, "object_id": "19919", "object_repr": "\u8fd9\u662f\u5927\u91cf\u6d4b\u8bd5\u7b2c19865\u7bc7", "action_flag": 3, "change_message": ""}}, {"model": "admin.logentry", "pk": 208, "fields": {"action_time": "2018-11-03T14:03:52.640Z", "user": 1, "content_type": 9, "object_id": "19918", "object_repr": "\u8fd9\u662f\u5927\u91cf\u6d4b\u8bd5\u7b2c19864\u7bc7", "action_flag": 3, "change_message": ""}}, {"model": "admin.logentry", "pk": 209, "fields": {"action_time": "2018-11-03T14:03:52.649Z", "user": 1, "content_type": 9, "object_id": "19917", "object_repr": "\u8fd9\u662f\u5927\u91cf\u6d4b\u8bd5\u7b2c19863\u7bc7", "action_flag": 3, "change_message": ""}}, {"model": "admin.logentry", "pk": 210, "fields": {"action_time": "2018-11-03T14:03:52.657Z", "user": 1, "content_type": 9, "object_id": "19916", "object_repr": "\u8fd9\u662f\u5927\u91cf\u6d4b\u8bd5\u7b2c19862\u7bc7", "action_flag": 3, "change_message": ""}}, {"model": "admin.logentry", "pk": 211, "fields": {"action_time": "2018-11-03T14:03:52.664Z", "user": 1, "content_type": 9, "object_id": "19915", "object_repr": "\u8fd9\u662f\u5927\u91cf\u6d4b\u8bd5\u7b2c19861\u7bc7", "action_flag": 3, "change_message": ""}}, {"model": "admin.logentry", "pk": 212, "fields": {"action_time": "2018-11-03T14:03:52.672Z", "user": 1, "content_type": 9, "object_id": "19914", "object_repr": "\u8fd9\u662f\u5927\u91cf\u6d4b\u8bd5\u7b2c19860\u7bc7", "action_flag": 3, "change_message": ""}}, {"model": "admin.logentry", "pk": 213, "fields": {"action_time": "2018-11-03T14:03:52.682Z", "user": 1, "content_type": 9, "object_id": "19913", "object_repr": "\u8fd9\u662f\u5927\u91cf\u6d4b\u8bd5\u7b2c19859\u7bc7", "action_flag": 3, "change_message": ""}}, {"model": "admin.logentry", "pk": 214, "fields": {"action_time": "2018-11-03T14:03:52.691Z", "user": 1, "content_type": 9, "object_id": "19912", "object_repr": "\u8fd9\u662f\u5927\u91cf\u6d4b\u8bd5\u7b2c19858\u7bc7", "action_flag": 3, "change_message": ""}}, {"model": "admin.logentry", "pk": 215, "fields": {"action_time": "2018-11-03T14:03:52.701Z", "user": 1, "content_type": 9, "object_id": "19911", "object_repr": "\u8fd9\u662f\u5927\u91cf\u6d4b\u8bd5\u7b2c19857\u7bc7", "action_flag": 3, "change_message": ""}}, {"model": "admin.logentry", "pk": 216, "fields": {"action_time": "2018-11-03T14:03:52.712Z", "user": 1, "content_type": 9, "object_id": "19910", "object_repr": "\u8fd9\u662f\u5927\u91cf\u6d4b\u8bd5\u7b2c19856\u7bc7", "action_flag": 3, "change_message": ""}}, {"model": "admin.logentry", "pk": 217, "fields": {"action_time": "2018-11-03T14:03:52.724Z", "user": 1, "content_type": 9, "object_id": "19909", "object_repr": "\u8fd9\u662f\u5927\u91cf\u6d4b\u8bd5\u7b2c19855\u7bc7", "action_flag": 3, "change_message": ""}}, {"model": "admin.logentry", "pk": 218, "fields": {"action_time": "2018-11-03T14:03:52.733Z", "user": 1, "content_type": 9, "object_id": "19908", "object_repr": "\u8fd9\u662f\u5927\u91cf\u6d4b\u8bd5\u7b2c19854\u7bc7", "action_flag": 3, "change_message": ""}}, {"model": "admin.logentry", "pk": 219, "fields": {"action_time": "2018-11-03T14:03:52.741Z", "user": 1, "content_type": 9, "object_id": "19907", "object_repr": "\u8fd9\u662f\u5927\u91cf\u6d4b\u8bd5\u7b2c19853\u7bc7", "action_flag": 3, "change_message": ""}}, {"model": "admin.logentry", "pk": 220, "fields": {"action_time": "2018-11-03T14:03:52.749Z", "user": 1, "content_type": 9, "object_id": "19906", "object_repr": "\u8fd9\u662f\u5927\u91cf\u6d4b\u8bd5\u7b2c19852\u7bc7", "action_flag": 3, "change_message": ""}}, {"model": "admin.logentry", "pk": 221, "fields": {"action_time": "2018-11-03T14:03:52.756Z", "user": 1, "content_type": 9, "object_id": "19905", "object_repr": "\u8fd9\u662f\u5927\u91cf\u6d4b\u8bd5\u7b2c19851\u7bc7", "action_flag": 3, "change_message": ""}}, {"model": "admin.logentry", "pk": 222, "fields": {"action_time": "2018-11-03T14:03:52.765Z", "user": 1, "content_type": 9, "object_id": "19904", "object_repr": "\u8fd9\u662f\u5927\u91cf\u6d4b\u8bd5\u7b2c19850\u7bc7", "action_flag": 3, "change_message": ""}}, {"model": "admin.logentry", "pk": 223, "fields": {"action_time": "2018-11-03T14:03:52.774Z", "user": 1, "content_type": 9, "object_id": "19903", "object_repr": "\u8fd9\u662f\u5927\u91cf\u6d4b\u8bd5\u7b2c19849\u7bc7", "action_flag": 3, "change_message": ""}}, {"model": "admin.logentry", "pk": 224, "fields": {"action_time": "2018-11-03T14:03:52.782Z", "user": 1, "content_type": 9, "object_id": "19902", "object_repr": "\u8fd9\u662f\u5927\u91cf\u6d4b\u8bd5\u7b2c19848\u7bc7", "action_flag": 3, "change_message": ""}}, {"model": "admin.logentry", "pk": 225, "fields": {"action_time": "2018-11-03T14:03:52.792Z", "user": 1, "content_type": 9, "object_id": "19901", "object_repr": "\u8fd9\u662f\u5927\u91cf\u6d4b\u8bd5\u7b2c19847\u7bc7", "action_flag": 3, "change_message": ""}}, {"model": "admin.logentry", "pk": 226, "fields": {"action_time": "2018-11-03T14:03:52.800Z", "user": 1, "content_type": 9, "object_id": "19900", "object_repr": "\u8fd9\u662f\u5927\u91cf\u6d4b\u8bd5\u7b2c19846\u7bc7", "action_flag": 3, "change_message": ""}}, {"model": "admin.logentry", "pk": 227, "fields": {"action_time": "2018-11-03T14:03:52.809Z", "user": 1, "content_type": 9, "object_id": "19899", "object_repr": "\u8fd9\u662f\u5927\u91cf\u6d4b\u8bd5\u7b2c19845\u7bc7", "action_flag": 3, "change_message": ""}}, {"model": "admin.logentry", "pk": 228, "fields": {"action_time": "2018-11-03T14:03:52.819Z", "user": 1, "content_type": 9, "object_id": "19898", "object_repr": "\u8fd9\u662f\u5927\u91cf\u6d4b\u8bd5\u7b2c19844\u7bc7", "action_flag": 3, "change_message": ""}}, {"model": "admin.logentry", "pk": 229, "fields": {"action_time": "2018-11-03T14:03:52.828Z", "user": 1, "content_type": 9, "object_id": "19897", "object_repr": "\u8fd9\u662f\u5927\u91cf\u6d4b\u8bd5\u7b2c19843\u7bc7", "action_flag": 3, "change_message": ""}}, {"model": "admin.logentry", "pk": 230, "fields": {"action_time": "2018-11-03T14:03:52.838Z", "user": 1, "content_type": 9, "object_id": "19896", "object_repr": "\u8fd9\u662f\u5927\u91cf\u6d4b\u8bd5\u7b2c19842\u7bc7", "action_flag": 3, "change_message": ""}}, {"model": "admin.logentry", "pk": 231, "fields": {"action_time": "2018-11-03T14:03:52.847Z", "user": 1, "content_type": 9, "object_id": "19895", "object_repr": "\u8fd9\u662f\u5927\u91cf\u6d4b\u8bd5\u7b2c19841\u7bc7", "action_flag": 3, "change_message": ""}}, {"model": "admin.logentry", "pk": 232, "fields": {"action_time": "2018-11-03T14:03:52.855Z", "user": 1, "content_type": 9, "object_id": "19894", "object_repr": "\u8fd9\u662f\u5927\u91cf\u6d4b\u8bd5\u7b2c19840\u7bc7", "action_flag": 3, "change_message": ""}}, {"model": "admin.logentry", "pk": 233, "fields": {"action_time": "2018-11-03T14:03:52.863Z", "user": 1, "content_type": 9, "object_id": "19893", "object_repr": "\u8fd9\u662f\u5927\u91cf\u6d4b\u8bd5\u7b2c19839\u7bc7", "action_flag": 3, "change_message": ""}}, {"model": "admin.logentry", "pk": 234, "fields": {"action_time": "2018-11-03T14:03:52.871Z", "user": 1, "content_type": 9, "object_id": "19892", "object_repr": "\u8fd9\u662f\u5927\u91cf\u6d4b\u8bd5\u7b2c19838\u7bc7", "action_flag": 3, "change_message": ""}}, {"model": "admin.logentry", "pk": 235, "fields": {"action_time": "2018-11-03T14:03:52.882Z", "user": 1, "content_type": 9, "object_id": "19891", "object_repr": "\u8fd9\u662f\u5927\u91cf\u6d4b\u8bd5\u7b2c19837\u7bc7", "action_flag": 3, "change_message": ""}}, {"model": "admin.logentry", "pk": 236, "fields": {"action_time": "2018-11-03T14:03:52.890Z", "user": 1, "content_type": 9, "object_id": "19890", "object_repr": "\u8fd9\u662f\u5927\u91cf\u6d4b\u8bd5\u7b2c19836\u7bc7", "action_flag": 3, "change_message": ""}}, {"model": "admin.logentry", "pk": 237, "fields": {"action_time": "2018-11-03T14:03:52.900Z", "user": 1, "content_type": 9, "object_id": "19889", "object_repr": "\u8fd9\u662f\u5927\u91cf\u6d4b\u8bd5\u7b2c19835\u7bc7", "action_flag": 3, "change_message": ""}}, {"model": "admin.logentry", "pk": 238, "fields": {"action_time": "2018-11-03T14:03:52.910Z", "user": 1, "content_type": 9, "object_id": "19888", "object_repr": "\u8fd9\u662f\u5927\u91cf\u6d4b\u8bd5\u7b2c19834\u7bc7", "action_flag": 3, "change_message": ""}}, {"model": "admin.logentry", "pk": 239, "fields": {"action_time": "2018-11-03T14:03:52.919Z", "user": 1, "content_type": 9, "object_id": "19887", "object_repr": "\u8fd9\u662f\u5927\u91cf\u6d4b\u8bd5\u7b2c19833\u7bc7", "action_flag": 3, "change_message": ""}}, {"model": "admin.logentry", "pk": 240, "fields": {"action_time": "2018-11-03T14:03:52.927Z", "user": 1, "content_type": 9, "object_id": "19886", "object_repr": "\u8fd9\u662f\u5927\u91cf\u6d4b\u8bd5\u7b2c19832\u7bc7", "action_flag": 3, "change_message": ""}}, {"model": "admin.logentry", "pk": 241, "fields": {"action_time": "2018-11-03T14:03:52.935Z", "user": 1, "content_type": 9, "object_id": "19885", "object_repr": "\u8fd9\u662f\u5927\u91cf\u6d4b\u8bd5\u7b2c19831\u7bc7", "action_flag": 3, "change_message": ""}}, {"model": "admin.logentry", "pk": 242, "fields": {"action_time": "2018-11-03T14:03:52.944Z", "user": 1, "content_type": 9, "object_id": "19884", "object_repr": "\u8fd9\u662f\u5927\u91cf\u6d4b\u8bd5\u7b2c19830\u7bc7", "action_flag": 3, "change_message": ""}}, {"model": "admin.logentry", "pk": 243, "fields": {"action_time": "2018-11-03T14:03:52.952Z", "user": 1, "content_type": 9, "object_id": "19883", "object_repr": "\u8fd9\u662f\u5927\u91cf\u6d4b\u8bd5\u7b2c19829\u7bc7", "action_flag": 3, "change_message": ""}}, {"model": "admin.logentry", "pk": 244, "fields": {"action_time": "2018-11-03T14:03:52.962Z", "user": 1, "content_type": 9, "object_id": "19882", "object_repr": "\u8fd9\u662f\u5927\u91cf\u6d4b\u8bd5\u7b2c19828\u7bc7", "action_flag": 3, "change_message": ""}}, {"model": "admin.logentry", "pk": 245, "fields": {"action_time": "2018-11-03T14:03:52.973Z", "user": 1, "content_type": 9, "object_id": "19881", "object_repr": "\u8fd9\u662f\u5927\u91cf\u6d4b\u8bd5\u7b2c19827\u7bc7", "action_flag": 3, "change_message": ""}}, {"model": "admin.logentry", "pk": 246, "fields": {"action_time": "2018-11-03T14:03:52.982Z", "user": 1, "content_type": 9, "object_id": "19880", "object_repr": "\u8fd9\u662f\u5927\u91cf\u6d4b\u8bd5\u7b2c19826\u7bc7", "action_flag": 3, "change_message": ""}}, {"model": "admin.logentry", "pk": 247, "fields": {"action_time": "2018-11-03T14:03:52.993Z", "user": 1, "content_type": 9, "object_id": "19879", "object_repr": "\u8fd9\u662f\u5927\u91cf\u6d4b\u8bd5\u7b2c19825\u7bc7", "action_flag": 3, "change_message": ""}}, {"model": "admin.logentry", "pk": 248, "fields": {"action_time": "2018-11-03T14:03:53.003Z", "user": 1, "content_type": 9, "object_id": "19878", "object_repr": "\u8fd9\u662f\u5927\u91cf\u6d4b\u8bd5\u7b2c19824\u7bc7", "action_flag": 3, "change_message": ""}}, {"model": "admin.logentry", "pk": 249, "fields": {"action_time": "2018-11-03T14:03:53.013Z", "user": 1, "content_type": 9, "object_id": "19877", "object_repr": "\u8fd9\u662f\u5927\u91cf\u6d4b\u8bd5\u7b2c19823\u7bc7", "action_flag": 3, "change_message": ""}}, {"model": "admin.logentry", "pk": 250, "fields": {"action_time": "2018-11-03T14:03:53.023Z", "user": 1, "content_type": 9, "object_id": "19876", "object_repr": "\u8fd9\u662f\u5927\u91cf\u6d4b\u8bd5\u7b2c19822\u7bc7", "action_flag": 3, "change_message": ""}}, {"model": "admin.logentry", "pk": 251, "fields": {"action_time": "2018-11-03T14:03:53.033Z", "user": 1, "content_type": 9, "object_id": "19875", "object_repr": "\u8fd9\u662f\u5927\u91cf\u6d4b\u8bd5\u7b2c19821\u7bc7", "action_flag": 3, "change_message": ""}}, {"model": "admin.logentry", "pk": 252, "fields": {"action_time": "2018-11-03T14:03:53.042Z", "user": 1, "content_type": 9, "object_id": "19874", "object_repr": "\u8fd9\u662f\u5927\u91cf\u6d4b\u8bd5\u7b2c19820\u7bc7", "action_flag": 3, "change_message": ""}}, {"model": "admin.logentry", "pk": 253, "fields": {"action_time": "2018-11-03T14:03:53.053Z", "user": 1, "content_type": 9, "object_id": "19873", "object_repr": "\u8fd9\u662f\u5927\u91cf\u6d4b\u8bd5\u7b2c19819\u7bc7", "action_flag": 3, "change_message": ""}}, {"model": "admin.logentry", "pk": 254, "fields": {"action_time": "2018-11-03T14:03:53.063Z", "user": 1, "content_type": 9, "object_id": "19872", "object_repr": "\u8fd9\u662f\u5927\u91cf\u6d4b\u8bd5\u7b2c19818\u7bc7", "action_flag": 3, "change_message": ""}}, {"model": "admin.logentry", "pk": 255, "fields": {"action_time": "2018-11-03T14:03:53.072Z", "user": 1, "content_type": 9, "object_id": "19871", "object_repr": "\u8fd9\u662f\u5927\u91cf\u6d4b\u8bd5\u7b2c19817\u7bc7", "action_flag": 3, "change_message": ""}}, {"model": "admin.logentry", "pk": 256, "fields": {"action_time": "2018-11-03T14:03:53.082Z", "user": 1, "content_type": 9, "object_id": "19870", "object_repr": "\u8fd9\u662f\u5927\u91cf\u6d4b\u8bd5\u7b2c19816\u7bc7", "action_flag": 3, "change_message": ""}}, {"model": "admin.logentry", "pk": 257, "fields": {"action_time": "2018-11-03T14:03:53.090Z", "user": 1, "content_type": 9, "object_id": "19869", "object_repr": "\u8fd9\u662f\u5927\u91cf\u6d4b\u8bd5\u7b2c19815\u7bc7", "action_flag": 3, "change_message": ""}}, {"model": "admin.logentry", "pk": 258, "fields": {"action_time": "2018-11-03T14:03:53.099Z", "user": 1, "content_type": 9, "object_id": "19868", "object_repr": "\u8fd9\u662f\u5927\u91cf\u6d4b\u8bd5\u7b2c19814\u7bc7", "action_flag": 3, "change_message": ""}}, {"model": "admin.logentry", "pk": 259, "fields": {"action_time": "2018-11-03T14:03:53.110Z", "user": 1, "content_type": 9, "object_id": "19867", "object_repr": "\u8fd9\u662f\u5927\u91cf\u6d4b\u8bd5\u7b2c19813\u7bc7", "action_flag": 3, "change_message": ""}}, {"model": "admin.logentry", "pk": 260, "fields": {"action_time": "2018-11-03T14:03:53.121Z", "user": 1, "content_type": 9, "object_id": "19866", "object_repr": "\u8fd9\u662f\u5927\u91cf\u6d4b\u8bd5\u7b2c19812\u7bc7", "action_flag": 3, "change_message": ""}}, {"model": "admin.logentry", "pk": 261, "fields": {"action_time": "2018-11-03T14:03:53.131Z", "user": 1, "content_type": 9, "object_id": "19865", "object_repr": "\u8fd9\u662f\u5927\u91cf\u6d4b\u8bd5\u7b2c19811\u7bc7", "action_flag": 3, "change_message": ""}}, {"model": "admin.logentry", "pk": 262, "fields": {"action_time": "2018-11-03T14:03:53.139Z", "user": 1, "content_type": 9, "object_id": "19864", "object_repr": "\u8fd9\u662f\u5927\u91cf\u6d4b\u8bd5\u7b2c19810\u7bc7", "action_flag": 3, "change_message": ""}}, {"model": "admin.logentry", "pk": 263, "fields": {"action_time": "2018-11-03T14:03:53.146Z", "user": 1, "content_type": 9, "object_id": "19863", "object_repr": "\u8fd9\u662f\u5927\u91cf\u6d4b\u8bd5\u7b2c19809\u7bc7", "action_flag": 3, "change_message": ""}}, {"model": "admin.logentry", "pk": 264, "fields": {"action_time": "2018-11-03T14:03:53.155Z", "user": 1, "content_type": 9, "object_id": "19862", "object_repr": "\u8fd9\u662f\u5927\u91cf\u6d4b\u8bd5\u7b2c19808\u7bc7", "action_flag": 3, "change_message": ""}}, {"model": "admin.logentry", "pk": 265, "fields": {"action_time": "2018-11-03T14:03:53.165Z", "user": 1, "content_type": 9, "object_id": "19861", "object_repr": "\u8fd9\u662f\u5927\u91cf\u6d4b\u8bd5\u7b2c19807\u7bc7", "action_flag": 3, "change_message": ""}}, {"model": "admin.logentry", "pk": 266, "fields": {"action_time": "2018-11-03T14:03:53.172Z", "user": 1, "content_type": 9, "object_id": "19860", "object_repr": "\u8fd9\u662f\u5927\u91cf\u6d4b\u8bd5\u7b2c19806\u7bc7", "action_flag": 3, "change_message": ""}}, {"model": "admin.logentry", "pk": 267, "fields": {"action_time": "2018-11-03T14:03:53.181Z", "user": 1, "content_type": 9, "object_id": "19859", "object_repr": "\u8fd9\u662f\u5927\u91cf\u6d4b\u8bd5\u7b2c19805\u7bc7", "action_flag": 3, "change_message": ""}}, {"model": "admin.logentry", "pk": 268, "fields": {"action_time": "2018-11-03T14:03:53.191Z", "user": 1, "content_type": 9, "object_id": "19858", "object_repr": "\u8fd9\u662f\u5927\u91cf\u6d4b\u8bd5\u7b2c19804\u7bc7", "action_flag": 3, "change_message": ""}}, {"model": "admin.logentry", "pk": 269, "fields": {"action_time": "2018-11-03T14:03:53.200Z", "user": 1, "content_type": 9, "object_id": "19857", "object_repr": "\u8fd9\u662f\u5927\u91cf\u6d4b\u8bd5\u7b2c19803\u7bc7", "action_flag": 3, "change_message": ""}}, {"model": "admin.logentry", "pk": 270, "fields": {"action_time": "2018-11-03T14:03:53.210Z", "user": 1, "content_type": 9, "object_id": "19856", "object_repr": "\u8fd9\u662f\u5927\u91cf\u6d4b\u8bd5\u7b2c19802\u7bc7", "action_flag": 3, "change_message": ""}}, {"model": "admin.logentry", "pk": 271, "fields": {"action_time": "2018-11-03T14:03:53.219Z", "user": 1, "content_type": 9, "object_id": "19855", "object_repr": "\u8fd9\u662f\u5927\u91cf\u6d4b\u8bd5\u7b2c19801\u7bc7", "action_flag": 3, "change_message": ""}}, {"model": "admin.logentry", "pk": 272, "fields": {"action_time": "2018-11-04T14:20:57.575Z", "user": 1, "content_type": 10, "object_id": "19", "object_repr": "\u6295\u5f71\u673a", "action_flag": 1, "change_message": "[{\"added\": {}}]"}}, {"model": "admin.logentry", "pk": 273, "fields": {"action_time": "2018-11-05T08:39:34.853Z", "user": 1, "content_type": 15, "object_id": "1", "object_repr": "\u65e0\u6cd5\u5f00\u673a", "action_flag": 1, "change_message": "[{\"added\": {}}]"}}, {"model": "admin.logentry", "pk": 274, "fields": {"action_time": "2018-11-05T08:43:45.670Z", "user": 1, "content_type": 10, "object_id": "19", "object_repr": "\u6295\u5f71\u673a", "action_flag": 2, "change_message": "[]"}}, {"model": "admin.logentry", "pk": 275, "fields": {"action_time": "2018-11-05T08:45:27.867Z", "user": 1, "content_type": 15, "object_id": "2", "object_repr": "\u901a\u7535\u65e0\u53cd\u5e94\uff0c\u7535\u6e90\u677f\u6545\u969c", "action_flag": 1, "change_message": "[{\"added\": {}}]"}}, {"model": "admin.logentry", "pk": 276, "fields": {"action_time": "2018-11-05T08:45:31.999Z", "user": 1, "content_type": 10, "object_id": "1", "object_repr": "\u5b66\u751f\u4ea4\u6362\u673a", "action_flag": 2, "change_message": "[{\"changed\": {\"fields\": [\"\\u6545\\u969c\\u63cf\\u8ff0\"]}}]"}}, {"model": "admin.logentry", "pk": 277, "fields": {"action_time": "2018-11-05T08:46:45.162Z", "user": 1, "content_type": 15, "object_id": "3", "object_repr": "\u901a\u7535\u65e0\u53cd\u5e94", "action_flag": 1, "change_message": "[{\"added\": {}}]"}}, {"model": "admin.logentry", "pk": 278, "fields": {"action_time": "2018-11-05T08:46:49.187Z", "user": 1, "content_type": 10, "object_id": "12", "object_repr": "VGA\u5206\u914d\u5668", "action_flag": 2, "change_message": "[{\"changed\": {\"fields\": [\"\\u6545\\u969c\\u63cf\\u8ff0\"]}}]"}}, {"model": "admin.logentry", "pk": 279, "fields": {"action_time": "2018-11-05T08:47:59.383Z", "user": 1, "content_type": 15, "object_id": "4", "object_repr": "\u6295\u5f71\u673a\u95ea\u70c1", "action_flag": 1, "change_message": "[{\"added\": {}}]"}}, {"model": "admin.logentry", "pk": 280, "fields": {"action_time": "2018-11-05T08:48:08.625Z", "user": 1, "content_type": 10, "object_id": "18", "object_repr": "\u6295\u5f71\u673a", "action_flag": 2, "change_message": "[{\"changed\": {\"fields\": [\"\\u6545\\u969c\\u63cf\\u8ff0\"]}}]"}}, {"model": "admin.logentry", "pk": 281, "fields": {"action_time": "2018-11-05T08:48:17.604Z", "user": 1, "content_type": 10, "object_id": "17", "object_repr": "\u6295\u5f71\u673a", "action_flag": 2, "change_message": "[]"}}, {"model": "admin.logentry", "pk": 282, "fields": {"action_time": "2018-11-05T08:51:47.287Z", "user": 1, "content_type": 10, "object_id": "16", "object_repr": "\u6295\u5f71\u673a", "action_flag": 2, "change_message": "[]"}}, {"model": "admin.logentry", "pk": 283, "fields": {"action_time": "2018-11-05T08:53:48.645Z", "user": 1, "content_type": 15, "object_id": "5", "object_repr": "\u82b1\u5c4f\uff1a\u4e09\u83f1GX-545", "action_flag": 1, "change_message": "[{\"added\": {}}]"}}, {"model": "admin.logentry", "pk": 284, "fields": {"action_time": "2018-11-05T08:53:54.074Z", "user": 1, "content_type": 10, "object_id": "15", "object_repr": "\u6295\u5f71\u673a", "action_flag": 2, "change_message": "[{\"changed\": {\"fields\": [\"\\u6545\\u969c\\u63cf\\u8ff0\"]}}]"}}, {"model": "admin.logentry", "pk": 285, "fields": {"action_time": "2018-11-05T08:54:30.206Z", "user": 1, "content_type": 10, "object_id": "14", "object_repr": "\u6295\u5f71\u673a", "action_flag": 2, "change_message": "[{\"changed\": {\"fields\": [\"\\u6545\\u969c\\u63cf\\u8ff0\"]}}]"}}, {"model": "admin.logentry", "pk": 286, "fields": {"action_time": "2018-11-05T08:54:45.987Z", "user": 1, "content_type": 10, "object_id": "13", "object_repr": "\u6295\u5f71\u673a", "action_flag": 2, "change_message": "[{\"changed\": {\"fields\": [\"\\u6545\\u969c\\u63cf\\u8ff0\"]}}]"}}, {"model": "admin.logentry", "pk": 287, "fields": {"action_time": "2018-11-05T08:55:02.719Z", "user": 1, "content_type": 10, "object_id": "11", "object_repr": "\u5b66\u751f\u4ea4\u6362\u673a", "action_flag": 2, "change_message": "[{\"changed\": {\"fields\": [\"\\u6545\\u969c\\u63cf\\u8ff0\"]}}]"}}, {"model": "admin.logentry", "pk": 288, "fields": {"action_time": "2018-11-05T08:55:35.989Z", "user": 1, "content_type": 15, "object_id": "6", "object_repr": "\u663e\u793a\u4e71\u7801\uff1aLBD05C", "action_flag": 1, "change_message": "[{\"added\": {}}]"}}, {"model": "admin.logentry", "pk": 289, "fields": {"action_time": "2018-11-05T08:55:39.816Z", "user": 1, "content_type": 10, "object_id": "10", "object_repr": "\u5b66\u751f\u7ec8\u7aef", "action_flag": 2, "change_message": "[{\"changed\": {\"fields\": [\"\\u6545\\u969c\\u63cf\\u8ff0\"]}}]"}}, {"model": "admin.logentry", "pk": 290, "fields": {"action_time": "2018-11-05T08:56:08.227Z", "user": 1, "content_type": 15, "object_id": "7", "object_repr": "\u63a5\u89e6\u4e0d\u826f\uff1aLBD203F", "action_flag": 1, "change_message": "[{\"added\": {}}]"}}, {"model": "admin.logentry", "pk": 291, "fields": {"action_time": "2018-11-05T08:56:11.858Z", "user": 1, "content_type": 10, "object_id": "9", "object_repr": "\u8bed\u97f3\u5361", "action_flag": 2, "change_message": "[{\"changed\": {\"fields\": [\"\\u6545\\u969c\\u63cf\\u8ff0\"]}}]"}}, {"model": "admin.logentry", "pk": 292, "fields": {"action_time": "2018-11-05T08:56:33.610Z", "user": 1, "content_type": 10, "object_id": "8", "object_repr": "\u5b66\u751f\u4ea4\u6362\u673a", "action_flag": 2, "change_message": "[{\"changed\": {\"fields\": [\"\\u6545\\u969c\\u63cf\\u8ff0\"]}}]"}}, {"model": "admin.logentry", "pk": 293, "fields": {"action_time": "2018-11-05T08:56:41.620Z", "user": 1, "content_type": 10, "object_id": "7", "object_repr": "\u5b66\u751f\u4ea4\u6362\u673a", "action_flag": 2, "change_message": "[{\"changed\": {\"fields\": [\"\\u6545\\u969c\\u63cf\\u8ff0\"]}}]"}}, {"model": "admin.logentry", "pk": 294, "fields": {"action_time": "2018-11-05T08:56:50.814Z", "user": 1, "content_type": 10, "object_id": "6", "object_repr": "\u5b66\u751f\u4ea4\u6362\u673a", "action_flag": 2, "change_message": "[{\"changed\": {\"fields\": [\"\\u6545\\u969c\\u63cf\\u8ff0\"]}}]"}}, {"model": "admin.logentry", "pk": 295, "fields": {"action_time": "2018-11-05T08:56:57.646Z", "user": 1, "content_type": 10, "object_id": "5", "object_repr": "\u5b66\u751f\u7ec8\u7aef", "action_flag": 2, "change_message": "[{\"changed\": {\"fields\": [\"\\u6545\\u969c\\u63cf\\u8ff0\"]}}]"}}, {"model": "admin.logentry", "pk": 296, "fields": {"action_time": "2018-11-05T08:57:04.023Z", "user": 1, "content_type": 10, "object_id": "4", "object_repr": "\u5b66\u751f\u4ea4\u6362\u673a", "action_flag": 2, "change_message": "[{\"changed\": {\"fields\": [\"\\u6545\\u969c\\u63cf\\u8ff0\"]}}]"}}, {"model": "admin.logentry", "pk": 297, "fields": {"action_time": "2018-11-05T08:57:09.684Z", "user": 1, "content_type": 10, "object_id": "3", "object_repr": "\u5b66\u751f\u4ea4\u6362\u673a", "action_flag": 2, "change_message": "[{\"changed\": {\"fields\": [\"\\u6545\\u969c\\u63cf\\u8ff0\"]}}]"}}, {"model": "admin.logentry", "pk": 298, "fields": {"action_time": "2018-11-05T08:57:15.954Z", "user": 1, "content_type": 10, "object_id": "2", "object_repr": "\u5b66\u751f\u4ea4\u6362\u673a", "action_flag": 2, "change_message": "[{\"changed\": {\"fields\": [\"\\u6545\\u969c\\u63cf\\u8ff0\"]}}]"}}, {"model": "admin.logentry", "pk": 299, "fields": {"action_time": "2018-11-05T08:57:28.324Z", "user": 1, "content_type": 10, "object_id": "5", "object_repr": "\u5b66\u751f\u7ec8\u7aef", "action_flag": 2, "change_message": "[{\"changed\": {\"fields\": [\"\\u6545\\u969c\\u63cf\\u8ff0\"]}}]"}}, {"model": "admin.logentry", "pk": 300, "fields": {"action_time": "2018-11-05T10:23:54.645Z", "user": 1, "content_type": 14, "object_id": "1", "object_repr": "2018-10-18", "action_flag": 2, "change_message": "[{\"changed\": {\"fields\": [\"title\"]}}]"}}, {"model": "admin.logentry", "pk": 301, "fields": {"action_time": "2018-11-05T10:24:01.136Z", "user": 1, "content_type": 14, "object_id": "1", "object_repr": "2018-10-18", "action_flag": 2, "change_message": "[{\"changed\": {\"fields\": [\"title\"]}}]"}}, {"model": "admin.logentry", "pk": 302, "fields": {"action_time": "2018-11-05T14:24:22.431Z", "user": 1, "content_type": 4, "object_id": "2", "object_repr": "test1", "action_flag": 1, "change_message": "[{\"added\": {}}]"}}, {"model": "admin.logentry", "pk": 303, "fields": {"action_time": "2018-11-05T14:26:05.086Z", "user": 1, "content_type": 4, "object_id": "2", "object_repr": "test1", "action_flag": 3, "change_message": ""}}, {"model": "admin.logentry", "pk": 304, "fields": {"action_time": "2018-11-05T14:26:38.120Z", "user": 1, "content_type": 4, "object_id": "3", "object_repr": "test", "action_flag": 1, "change_message": "[{\"added\": {}}]"}}, {"model": "admin.logentry", "pk": 305, "fields": {"action_time": "2018-11-05T14:28:43.703Z", "user": 1, "content_type": 4, "object_id": "3", "object_repr": "test", "action_flag": 2, "change_message": "[{\"changed\": {\"fields\": [\"date_joined\"]}}]"}}, {"model": "admin.logentry", "pk": 306, "fields": {"action_time": "2018-11-05T14:30:48.159Z", "user": 1, "content_type": 4, "object_id": "3", "object_repr": "test", "action_flag": 2, "change_message": "[{\"changed\": {\"fields\": [\"password\"]}}]"}}, {"model": "admin.logentry", "pk": 307, "fields": {"action_time": "2018-11-05T14:30:54.061Z", "user": 1, "content_type": 4, "object_id": "3", "object_repr": "test", "action_flag": 2, "change_message": "[]"}}, {"model": "admin.logentry", "pk": 308, "fields": {"action_time": "2018-11-05T14:37:06.038Z", "user": 1, "content_type": 4, "object_id": "4", "object_repr": "qwe", "action_flag": 1, "change_message": "[{\"added\": {}}]"}}, {"model": "admin.logentry", "pk": 309, "fields": {"action_time": "2018-11-05T14:37:37.463Z", "user": 1, "content_type": 4, "object_id": "4", "object_repr": "qwe", "action_flag": 2, "change_message": "[]"}}, {"model": "admin.logentry", "pk": 310, "fields": {"action_time": "2018-11-05T14:38:28.867Z", "user": 1, "content_type": 4, "object_id": "4", "object_repr": "qwe", "action_flag": 2, "change_message": "[{\"changed\": {\"fields\": [\"is_superuser\"]}}]"}}, {"model": "admin.logentry", "pk": 311, "fields": {"action_time": "2018-11-05T14:39:29.722Z", "user": 1, "content_type": 4, "object_id": "3", "object_repr": "test", "action_flag": 2, "change_message": "[{\"changed\": {\"fields\": [\"is_staff\"]}}]"}}, {"model": "admin.logentry", "pk": 312, "fields": {"action_time": "2018-11-05T14:39:37.367Z", "user": 1, "content_type": 4, "object_id": "4", "object_repr": "qwe", "action_flag": 2, "change_message": "[{\"changed\": {\"fields\": [\"is_superuser\"]}}]"}}, {"model": "admin.logentry", "pk": 313, "fields": {"action_time": "2018-11-05T14:40:24.924Z", "user": 1, "content_type": 4, "object_id": "3", "object_repr": "test", "action_flag": 2, "change_message": "[{\"changed\": {\"fields\": [\"is_superuser\", \"last_login\"]}}]"}}, {"model": "admin.logentry", "pk": 315, "fields": {"action_time": "2018-11-05T16:33:12.680Z", "user": 1, "content_type": 11, "object_id": "4", "object_repr": "VGA\u5206\u914d\u5668", "action_flag": 2, "change_message": "[{\"changed\": {\"fields\": [\"customer\"]}}]"}}, {"model": "admin.logentry", "pk": 316, "fields": {"action_time": "2018-11-05T16:33:18.029Z", "user": 1, "content_type": 11, "object_id": "3", "object_repr": "\u8bed\u97f3\u5361", "action_flag": 2, "change_message": "[{\"changed\": {\"fields\": [\"customer\"]}}]"}}, {"model": "admin.logentry", "pk": 317, "fields": {"action_time": "2018-11-05T16:33:22.028Z", "user": 1, "content_type": 11, "object_id": "2", "object_repr": "\u5b66\u751f\u7ec8\u7aef", "action_flag": 2, "change_message": "[{\"changed\": {\"fields\": [\"customer\"]}}]"}}, {"model": "admin.logentry", "pk": 318, "fields": {"action_time": "2018-11-05T16:33:26.240Z", "user": 1, "content_type": 11, "object_id": "1", "object_repr": "\u5b66\u751f\u4ea4\u6362\u673a", "action_flag": 2, "change_message": "[{\"changed\": {\"fields\": [\"customer\"]}}]"}}, {"model": "admin.logentry", "pk": 319, "fields": {"action_time": "2018-11-06T01:49:12.249Z", "user": 1, "content_type": 10, "object_id": "21", "object_repr": "\u5b66\u751f\u7ec8\u7aef", "action_flag": 3, "change_message": ""}}, {"model": "admin.logentry", "pk": 320, "fields": {"action_time": "2018-11-06T02:07:50.536Z", "user": 1, "content_type": 4, "object_id": "4", "object_repr": "qwe", "action_flag": 3, "change_message": ""}}, {"model": "admin.logentry", "pk": 321, "fields": {"action_time": "2018-11-06T02:07:50.621Z", "user": 1, "content_type": 4, "object_id": "3", "object_repr": "test", "action_flag": 3, "change_message": ""}}, {"model": "admin.logentry", "pk": 322, "fields": {"action_time": "2018-11-06T02:08:21.408Z", "user": 1, "content_type": 4, "object_id": "5", "object_repr": "lg", "action_flag": 1, "change_message": "[{\"added\": {}}]"}}, {"model": "admin.logentry", "pk": 323, "fields": {"action_time": "2018-11-06T02:12:56.724Z", "user": 1, "content_type": 4, "object_id": "5", "object_repr": "lg", "action_flag": 2, "change_message": "[{\"changed\": {\"fields\": [\"is_staff\", \"user_permissions\"]}}]"}}, {"model": "admin.logentry", "pk": 325, "fields": {"action_time": "2018-11-06T06:26:58.189Z", "user": 1, "content_type": 13, "object_id": "3", "object_repr": "tt", "action_flag": 3, "change_message": ""}}, {"model": "admin.logentry", "pk": 326, "fields": {"action_time": "2018-11-06T06:28:13.534Z", "user": 1, "content_type": 4, "object_id": "5", "object_repr": "lg", "action_flag": 3, "change_message": ""}}, {"model": "admin.logentry", "pk": 327, "fields": {"action_time": "2018-11-06T06:29:23.521Z", "user": 1, "content_type": 3, "object_id": "1", "object_repr": "dj", "action_flag": 1, "change_message": "[{\"added\": {}}]"}}, {"model": "admin.logentry", "pk": 328, "fields": {"action_time": "2018-11-06T06:30:05.511Z", "user": 1, "content_type": 4, "object_id": "6", "object_repr": "test_dj_wy", "action_flag": 1, "change_message": "[{\"added\": {}}]"}}, {"model": "admin.logentry", "pk": 329, "fields": {"action_time": "2018-11-06T07:11:42.609Z", "user": 1, "content_type": 3, "object_id": "2", "object_repr": "wl", "action_flag": 1, "change_message": "[{\"added\": {}}]"}}, {"model": "admin.logentry", "pk": 330, "fields": {"action_time": "2018-11-06T07:12:14.576Z", "user": 1, "content_type": 4, "object_id": "7", "object_repr": "test_wl_wx", "action_flag": 1, "change_message": "[{\"added\": {}}]"}}, {"model": "admin.logentry", "pk": 331, "fields": {"action_time": "2018-11-06T07:12:26.652Z", "user": 1, "content_type": 4, "object_id": "7", "object_repr": "test_wl_wx", "action_flag": 2, "change_message": "[{\"changed\": {\"fields\": [\"groups\"]}}]"}}, {"model": "admin.logentry", "pk": 332, "fields": {"action_time": "2018-11-06T07:26:23.786Z", "user": 1, "content_type": 10, "object_id": "1", "object_repr": "\u5b66\u751f\u4ea4\u6362\u673a", "action_flag": 2, "change_message": "[{\"changed\": {\"fields\": [\"owner\"]}}]"}}, {"model": "admin.logentry", "pk": 333, "fields": {"action_time": "2018-11-06T07:35:03.585Z", "user": 1, "content_type": 10, "object_id": "11", "object_repr": "\u5b66\u751f\u4ea4\u6362\u673a", "action_flag": 2, "change_message": "[{\"changed\": {\"fields\": [\"owner\"]}}]"}}, {"model": "admin.logentry", "pk": 334, "fields": {"action_time": "2018-11-06T07:35:26.387Z", "user": 1, "content_type": 10, "object_id": "10", "object_repr": "\u5b66\u751f\u7ec8\u7aef", "action_flag": 2, "change_message": "[{\"changed\": {\"fields\": [\"owner\"]}}]"}}, {"model": "admin.logentry", "pk": 335, "fields": {"action_time": "2018-11-06T07:37:50.357Z", "user": 1, "content_type": 10, "object_id": "9", "object_repr": "\u8bed\u97f3\u5361", "action_flag": 2, "change_message": "[{\"changed\": {\"fields\": [\"owner\"]}}]"}}, {"model": "admin.logentry", "pk": 336, "fields": {"action_time": "2018-11-06T07:37:50.557Z", "user": 1, "content_type": 10, "object_id": "8", "object_repr": "\u5b66\u751f\u4ea4\u6362\u673a", "action_flag": 2, "change_message": "[{\"changed\": {\"fields\": [\"owner\"]}}]"}}, {"model": "admin.logentry", "pk": 337, "fields": {"action_time": "2018-11-06T07:37:50.889Z", "user": 1, "content_type": 10, "object_id": "7", "object_repr": "\u5b66\u751f\u4ea4\u6362\u673a", "action_flag": 2, "change_message": "[{\"changed\": {\"fields\": [\"owner\"]}}]"}}, {"model": "admin.logentry", "pk": 338, "fields": {"action_time": "2018-11-06T07:37:51.064Z", "user": 1, "content_type": 10, "object_id": "6", "object_repr": "\u5b66\u751f\u4ea4\u6362\u673a", "action_flag": 2, "change_message": "[{\"changed\": {\"fields\": [\"owner\"]}}]"}}, {"model": "admin.logentry", "pk": 339, "fields": {"action_time": "2018-11-06T07:37:51.254Z", "user": 1, "content_type": 10, "object_id": "5", "object_repr": "\u5b66\u751f\u7ec8\u7aef", "action_flag": 2, "change_message": "[{\"changed\": {\"fields\": [\"owner\"]}}]"}}, {"model": "admin.logentry", "pk": 340, "fields": {"action_time": "2018-11-06T07:37:51.469Z", "user": 1, "content_type": 10, "object_id": "4", "object_repr": "\u5b66\u751f\u4ea4\u6362\u673a", "action_flag": 2, "change_message": "[{\"changed\": {\"fields\": [\"owner\"]}}]"}}, {"model": "admin.logentry", "pk": 341, "fields": {"action_time": "2018-11-06T07:37:51.660Z", "user": 1, "content_type": 10, "object_id": "3", "object_repr": "\u5b66\u751f\u4ea4\u6362\u673a", "action_flag": 2, "change_message": "[{\"changed\": {\"fields\": [\"owner\"]}}]"}}, {"model": "admin.logentry", "pk": 342, "fields": {"action_time": "2018-11-06T07:37:51.876Z", "user": 1, "content_type": 10, "object_id": "2", "object_repr": "\u5b66\u751f\u4ea4\u6362\u673a", "action_flag": 2, "change_message": "[{\"changed\": {\"fields\": [\"owner\"]}}]"}}, {"model": "admin.logentry", "pk": 343, "fields": {"action_time": "2018-11-06T07:38:09.372Z", "user": 1, "content_type": 10, "object_id": "19", "object_repr": "\u6295\u5f71\u673a", "action_flag": 2, "change_message": "[{\"changed\": {\"fields\": [\"owner\"]}}]"}}, {"model": "admin.logentry", "pk": 344, "fields": {"action_time": "2018-11-06T07:38:48.539Z", "user": 1, "content_type": 10, "object_id": "12", "object_repr": "VGA\u5206\u914d\u5668", "action_flag": 2, "change_message": "[{\"changed\": {\"fields\": [\"owner\"]}}]"}}, {"model": "admin.logentry", "pk": 345, "fields": {"action_time": "2018-11-06T11:37:14.292Z", "user": 1, "content_type": 4, "object_id": "6", "object_repr": "test_dj_wy", "action_flag": 2, "change_message": "[{\"changed\": {\"fields\": [\"groups\", \"last_login\"]}}]"}}, {"model": "admin.logentry", "pk": 346, "fields": {"action_time": "2018-11-06T12:23:28.110Z", "user": 1, "content_type": 13, "object_id": "3", "object_repr": "\u5927\u91d1", "action_flag": 1, "change_message": "[{\"added\": {}}]"}}, {"model": "admin.logentry", "pk": 347, "fields": {"action_time": "2018-11-06T12:28:05.257Z", "user": 1, "content_type": 13, "object_id": "3", "object_repr": "\u5927\u91d1", "action_flag": 3, "change_message": ""}}, {"model": "admin.logentry", "pk": 348, "fields": {"action_time": "2018-11-07T10:32:54.558Z", "user": 1, "content_type": 13, "object_id": "4", "object_repr": "\u5927\u91d1", "action_flag": 1, "change_message": "[{\"added\": {}}]"}}, {"model": "admin.logentry", "pk": 349, "fields": {"action_time": "2018-11-07T16:50:33.312Z", "user": 1, "content_type": 11, "object_id": "6", "object_repr": "\u4e2d\u63a7", "action_flag": 1, "change_message": "[{\"added\": {}}]"}}, {"model": "admin.logentry", "pk": 350, "fields": {"action_time": "2018-11-07T16:57:18.811Z", "user": 1, "content_type": 13, "object_id": "5", "object_repr": "\u6d4b\u8bd5\u5355\u4f4da", "action_flag": 1, "change_message": "[{\"added\": {}}]"}}, {"model": "admin.logentry", "pk": 351, "fields": {"action_time": "2018-11-07T16:57:30.960Z", "user": 1, "content_type": 13, "object_id": "6", "object_repr": "\u6d4b\u8bd5\u5355\u4f4db", "action_flag": 1, "change_message": "[{\"added\": {}}]"}}, {"model": "admin.logentry", "pk": 352, "fields": {"action_time": "2018-11-08T02:46:27.589Z", "user": 1, "content_type": 4, "object_id": "6", "object_repr": "test_dj_wy", "action_flag": 2, "change_message": "[{\"changed\": {\"fields\": [\"is_staff\", \"last_login\"]}}]"}}, {"model": "admin.logentry", "pk": 353, "fields": {"action_time": "2018-11-08T02:46:35.423Z", "user": 1, "content_type": 4, "object_id": "7", "object_repr": "test_wl_wx", "action_flag": 2, "change_message": "[{\"changed\": {\"fields\": [\"is_staff\", \"last_login\"]}}]"}}, {"model": "admin.logentry", "pk": 354, "fields": {"action_time": "2018-11-08T02:49:23.380Z", "user": 1, "content_type": 10, "object_id": "23", "object_repr": "VGA\u5206\u914d\u5668", "action_flag": 1, "change_message": "[{\"added\": {}}]"}}, {"model": "admin.logentry", "pk": 355, "fields": {"action_time": "2018-11-08T02:50:44.278Z", "user": 1, "content_type": 10, "object_id": "23", "object_repr": "VGA\u5206\u914d\u5668", "action_flag": 2, "change_message": "[{\"changed\": {\"fields\": [\"\\u4ef7\\u683c\"]}}]"}}, {"model": "admin.logentry", "pk": 356, "fields": {"action_time": "2018-11-08T14:05:24.891Z", "user": 1, "content_type": 10, "object_id": "26", "object_repr": "\u5b66\u751f\u7ec8\u7aef", "action_flag": 3, "change_message": ""}}, {"model": "admin.logentry", "pk": 357, "fields": {"action_time": "2018-11-08T14:05:24.898Z", "user": 1, "content_type": 10, "object_id": "25", "object_repr": "\u5b66\u751f\u7ec8\u7aef", "action_flag": 3, "change_message": ""}}, {"model": "admin.logentry", "pk": 358, "fields": {"action_time": "2018-11-08T14:05:24.905Z", "user": 1, "content_type": 10, "object_id": "24", "object_repr": "\u5b66\u751f\u4ea4\u6362\u673a", "action_flag": 3, "change_message": ""}}, {"model": "admin.logentry", "pk": 359, "fields": {"action_time": "2018-11-08T14:05:24.912Z", "user": 1, "content_type": 10, "object_id": "22", "object_repr": "\u8bed\u97f3\u5361", "action_flag": 3, "change_message": ""}}, {"model": "admin.logentry", "pk": 360, "fields": {"action_time": "2018-11-08T14:05:24.918Z", "user": 1, "content_type": 10, "object_id": "20", "object_repr": "\u5b66\u751f\u7ec8\u7aef", "action_flag": 3, "change_message": ""}}, {"model": "admin.logentry", "pk": 361, "fields": {"action_time": "2018-11-08T14:05:24.925Z", "user": 1, "content_type": 10, "object_id": "19", "object_repr": "\u6295\u5f71\u673a", "action_flag": 3, "change_message": ""}}, {"model": "admin.logentry", "pk": 362, "fields": {"action_time": "2018-11-08T14:05:51.320Z", "user": 1, "content_type": 13, "object_id": "6", "object_repr": "\u6d4b\u8bd5\u5355\u4f4db", "action_flag": 3, "change_message": ""}}, {"model": "admin.logentry", "pk": 363, "fields": {"action_time": "2018-11-08T14:05:51.334Z", "user": 1, "content_type": 13, "object_id": "5", "object_repr": "\u6d4b\u8bd5\u5355\u4f4da", "action_flag": 3, "change_message": ""}}, {"model": "admin.logentry", "pk": 364, "fields": {"action_time": "2018-11-08T14:05:51.341Z", "user": 1, "content_type": 13, "object_id": "4", "object_repr": "\u5927\u91d1", "action_flag": 3, "change_message": ""}}, {"model": "admin.logentry", "pk": 365, "fields": {"action_time": "2018-11-08T14:06:09.937Z", "user": 1, "content_type": 11, "object_id": "6", "object_repr": "\u4e2d\u63a7", "action_flag": 3, "change_message": ""}}, {"model": "admin.logentry", "pk": 366, "fields": {"action_time": "2018-11-08T16:34:17.675Z", "user": 1, "content_type": 13, "object_id": "7", "object_repr": "\u5927\u91d1", "action_flag": 1, "change_message": "[{\"added\": {}}]"}}, {"model": "admin.logentry", "pk": 367, "fields": {"action_time": "2018-11-17T03:52:05.857Z", "user": 1, "content_type": 3, "object_id": "3", "object_repr": "jsj", "action_flag": 1, "change_message": "[{\"added\": {}}]"}}, {"model": "admin.logentry", "pk": 368, "fields": {"action_time": "2018-11-17T03:52:11.433Z", "user": 1, "content_type": 3, "object_id": "4", "object_repr": "qj", "action_flag": 1, "change_message": "[{\"added\": {}}]"}}, {"model": "admin.logentry", "pk": 369, "fields": {"action_time": "2018-11-17T03:52:27.082Z", "user": 1, "content_type": 3, "object_id": "5", "object_repr": "bz", "action_flag": 1, "change_message": "[{\"added\": {}}]"}}, {"model": "admin.logentry", "pk": 370, "fields": {"action_time": "2018-11-17T03:53:30.244Z", "user": 1, "content_type": 4, "object_id": "8", "object_repr": "test_jsj_qzl", "action_flag": 1, "change_message": "[{\"added\": {}}]"}}, {"model": "admin.logentry", "pk": 371, "fields": {"action_time": "2018-11-17T03:53:50.955Z", "user": 1, "content_type": 4, "object_id": "8", "object_repr": "test_jsj_qzl", "action_flag": 2, "change_message": "[{\"changed\": {\"fields\": [\"groups\"]}}]"}}, {"model": "admin.logentry", "pk": 372, "fields": {"action_time": "2018-11-17T03:54:29.121Z", "user": 1, "content_type": 4, "object_id": "9", "object_repr": "test_qj_lyg", "action_flag": 1, "change_message": "[{\"added\": {}}]"}}, {"model": "admin.logentry", "pk": 373, "fields": {"action_time": "2018-11-17T03:54:43.769Z", "user": 1, "content_type": 4, "object_id": "9", "object_repr": "test_qj_lyg", "action_flag": 2, "change_message": "[{\"changed\": {\"fields\": [\"groups\"]}}]"}}, {"model": "admin.logentry", "pk": 374, "fields": {"action_time": "2018-11-17T03:55:33.666Z", "user": 1, "content_type": 4, "object_id": "10", "object_repr": "test_wl_qw", "action_flag": 1, "change_message": "[{\"added\": {}}]"}}, {"model": "admin.logentry", "pk": 375, "fields": {"action_time": "2018-11-17T03:55:42.103Z", "user": 1, "content_type": 4, "object_id": "10", "object_repr": "test_wl_qw", "action_flag": 2, "change_message": "[{\"changed\": {\"fields\": [\"groups\"]}}]"}}, {"model": "admin.logentry", "pk": 376, "fields": {"action_time": "2018-11-17T03:59:20.470Z", "user": 1, "content_type": 4, "object_id": "6", "object_repr": "test_dj_wy", "action_flag": 2, "change_message": "[{\"changed\": {\"fields\": [\"groups\", \"last_login\"]}}]"}}, {"model": "admin.logentry", "pk": 377, "fields": {"action_time": "2018-11-17T13:03:39.690Z", "user": 1, "content_type": 10, "object_id": "25", "object_repr": "\u7535\u6559\u6d4b\u8bd5\u5355\u4f4d1\u6d4b\u8bd5\u8bbe\u59072", "action_flag": 3, "change_message": ""}}, {"model": "admin.logentry", "pk": 378, "fields": {"action_time": "2018-11-17T13:03:39.727Z", "user": 1, "content_type": 10, "object_id": "24", "object_repr": "\u7535\u6559\u6d4b\u8bd5\u5355\u4f4d1\u6d4b\u8bd5\u8bbe\u59072", "action_flag": 3, "change_message": ""}}, {"model": "admin.logentry", "pk": 379, "fields": {"action_time": "2018-11-17T13:25:51.242Z", "user": 1, "content_type": 14, "object_id": "2", "object_repr": "2017-2018\u4e0b\u5b66\u5e74\u5fd7\u5411\u62a5\u8d26", "action_flag": 2, "change_message": "[{\"changed\": {\"fields\": [\"customer\"]}}]"}}, {"model": "admin.logentry", "pk": 380, "fields": {"action_time": "2018-11-17T14:53:16.287Z", "user": 1, "content_type": 14, "object_id": "9", "object_repr": "aaaaa", "action_flag": 3, "change_message": ""}}, {"model": "admin.logentry", "pk": 381, "fields": {"action_time": "2018-11-17T14:53:16.331Z", "user": 1, "content_type": 14, "object_id": "8", "object_repr": "dsfsa", "action_flag": 3, "change_message": ""}}, {"model": "admin.logentry", "pk": 382, "fields": {"action_time": "2018-11-17T14:53:16.335Z", "user": 1, "content_type": 14, "object_id": "7", "object_repr": "dsfsa", "action_flag": 3, "change_message": ""}}, {"model": "admin.logentry", "pk": 383, "fields": {"action_time": "2018-11-17T14:53:16.339Z", "user": 1, "content_type": 14, "object_id": "6", "object_repr": "dsfsa", "action_flag": 3, "change_message": ""}}, {"model": "admin.logentry", "pk": 384, "fields": {"action_time": "2018-11-17T14:53:16.342Z", "user": 1, "content_type": 14, "object_id": "5", "object_repr": "dsfsa", "action_flag": 3, "change_message": ""}}, {"model": "admin.logentry", "pk": 385, "fields": {"action_time": "2018-11-17T14:53:16.346Z", "user": 1, "content_type": 14, "object_id": "4", "object_repr": "\u963f\u4e09\u6253\u6492", "action_flag": 3, "change_message": ""}}, {"model": "admin.logentry", "pk": 386, "fields": {"action_time": "2018-11-17T14:53:16.349Z", "user": 1, "content_type": 14, "object_id": "3", "object_repr": "\u963f\u4e09\u6253\u6492", "action_flag": 3, "change_message": ""}}]